player,pos,age,tm,g,gs,mp,fg,fga,fgpercent,x3p,x3pa,x3ppercent,x2p,x2pa,x2ppercent,ft,fta,ftpercent,orb,drb,trb,ast,stl,blk,tov,pf,pts,ortg,drtg,ts,od,div
Precious Achiuwa,C,22,TOR,73,28,1725,7.7,17.5,0.439,1.6,4.5,0.359,6.1,13,0.468,2.3,3.8,0.595,4.2,9.5,13.7,2.4,1.1,1.2,2.4,4.4,19.2,105,110,0.5007302315877321,0.9545454545454546,A
Steven Adams,C,28,MEM,76,75,1999,5,9.2,0.547,0,0,0,5,9.2,0.548,2.6,4.8,0.543,8.4,9.8,18.2,6.1,1.6,1.4,2.8,3.7,12.6,125,108,0.556930693069307,1.1574074074074074,SW
Bam Adebayo,C,24,MIA,56,56,1825,11.1,20,0.557,0,0.2,0,11.1,19.8,0.562,7,9.3,0.753,3.8,11.7,15.5,5.2,2.2,1.2,4.1,4.7,29.3,117,104,0.6080856715922298,1.125,SE
LaMarcus Aldridge,C,36,BRK,47,12,1050,11.6,21.1,0.55,0.6,2.1,0.304,11,19,0.578,4.1,4.7,0.873,3.4,8.5,11.9,1.9,0.6,2.2,2,3.6,28,119,112,0.604281767955801,1.0625,A
Nickeil Alexander-Walker,SG,23,TOT,65,21,1466,8.5,22.9,0.372,3.5,11.4,0.311,5,11.5,0.433,2.7,3.7,0.743,1.2,5.1,6.3,5.3,1.5,0.8,3.1,3.5,23.3,98,114,0.4749673842139596,0.8596491228070176,NA
Nickeil Alexander-Walker,SG,23,NOP,50,19,1317,8.9,23.7,0.375,3.6,11.4,0.311,5.3,12.3,0.434,2.6,3.6,0.722,1.3,4.8,6.1,5.2,1.5,0.7,3.2,3.3,23.9,97,115,0.4726309128302484,0.8434782608695652,SW
Grayson Allen,SG,26,MIL,66,61,1805,6.8,15.1,0.448,4.2,10.4,0.409,2.6,4.8,0.533,1.7,2,0.865,0.9,5.1,5.9,2.7,1.2,0.5,1.1,2.6,19.5,122,114,0.6101376720901126,1.0701754385964912,C
Jarrett Allen,C,23,CLE,56,56,1809,10.2,15,0.677,0,0.3,0.1,10.2,14.8,0.688,4.6,6.4,0.708,5.3,11.3,16.6,2.5,1.2,2.1,2.6,2.7,25,132,106,0.7016165244723844,1.2452830188679245,C
Jose Alvarado,PG,23,NOP,54,1,834,7.8,17.4,0.446,1.9,6.5,0.291,5.9,10.9,0.538,2.1,3.1,0.679,1.5,4.4,5.9,9,4.2,0.4,2.4,4.3,19.5,114,109,0.5196120230228096,1.0458715596330275,SW
Kyle Anderson,PF,28,MEM,69,11,1484,6.7,15.1,0.446,1.2,3.5,0.33,5.6,11.6,0.481,2.2,3.4,0.638,2.2,9.6,11.9,5.9,2.5,1.5,2.3,3.5,16.8,110,106,0.5061460592913956,1.0377358490566038,SW
Giannis Antetokounmpo,PF,27,MIL,67,67,2204,15,27.1,0.553,1.5,5.3,0.293,13.5,21.9,0.616,12.1,16.7,0.722,2.9,14,17,8.5,1.6,2,4.8,4.6,43.6,124,106,0.6328379006038086,1.169811320754717,C
Thanasis Antetokounmpo,SF,29,MIL,48,6,473,7.1,13,0.547,0.2,1.4,0.143,6.9,11.6,0.596,2.9,4.7,0.63,4.1,6.2,10.3,2.2,1.6,1.2,2.6,6.9,17.4,113,112,0.5773825325192461,1.0089285714285714,C
Carmelo Anthony,PF,37,LAL,69,3,1793,8.5,19.3,0.441,4,10.6,0.375,4.5,8.7,0.521,3.5,4.3,0.83,1.7,6,7.7,1.8,1.3,1.4,1.6,4.4,24.6,114,114,0.5804077010192525,1,P
Cole Anthony,PG,21,ORL,65,65,2059,8.4,21.4,0.391,3.1,9.2,0.338,5.3,12.2,0.432,5.1,5.9,0.854,0.8,7.4,8.2,8.7,1.1,0.4,4,4,24.9,103,114,0.5188364727454575,0.9035087719298246,SE
OG Anunoby,SF,24,TOR,48,48,1728,8.9,20.2,0.443,3.3,9.2,0.363,5.6,11,0.511,2.6,3.4,0.754,2.1,5.5,7.6,3.6,2.1,0.7,2.3,3.8,23.8,112,111,0.5484882005899706,1.009009009009009,A
D.J. Augustin,PG,34,TOT,55,2,883,5.1,12,0.423,3.7,8.9,0.415,1.4,3.1,0.448,2.1,2.3,0.884,0.6,3.1,3.7,5.8,0.9,0.1,3,2.1,15.9,112,120,0.6109744850906855,0.9333333333333333,NA
Deni Avdija,SF,21,WAS,82,8,1984,6.2,14.4,0.432,2,6.5,0.317,4.2,8,0.525,2.6,3.4,0.757,1.3,9.3,10.6,4.2,1.5,1.1,2.2,4.7,17.1,106,113,0.537871162556618,0.9380530973451328,SE
Deandre Ayton,C,23,PHO,58,58,1713,12.4,19.6,0.634,0.2,0.5,0.368,12.2,19,0.642,3,4,0.746,4.2,12.5,16.7,2.4,1.1,1.1,2.6,4,28,124,105,0.6554307116104868,1.180952380952381,NA
Marvin Bagley III,PF,22,TOT,48,25,1146,9.5,18.8,0.504,1,4.1,0.237,8.5,14.7,0.579,2.8,4.3,0.663,4.4,9.8,14.3,1.5,0.9,0.8,1.6,3.9,22.8,112,114,0.5509375604098202,0.9824561403508771,NA
LaMelo Ball,PG,20,CHO,75,75,2422,10.7,24.8,0.429,4.4,11.2,0.389,6.3,13.7,0.462,4.2,4.8,0.872,2.1,7.8,9.9,11.3,2.4,0.6,4.9,4.7,29.9,111,112,0.5555142687277052,0.9910714285714286,SE
Mo Bamba,C,23,ORL,71,69,1824,7.8,16.4,0.48,2.8,7.5,0.381,5,8.9,0.563,1.5,1.9,0.781,3.9,11.2,15.2,2.3,1,3.1,2,4.8,20,113,108,0.5801810164771409,1.0462962962962963,SE
Desmond Bane,SG,23,MEM,76,76,2266,10.7,23.2,0.461,4.8,11,0.436,5.9,12.2,0.484,3,3.3,0.903,1,6.1,7.1,4.4,1.9,0.6,2.3,4.1,29.2,119,110,0.59224403699497,1.0818181818181818,SW
Dalano Banton,PG,22,TOR,64,1,696,6,14.5,0.411,0.9,3.7,0.255,5,10.8,0.464,1.9,3.2,0.591,2.7,6.2,8.9,7.1,2,0.7,3.8,4.9,14.7,98,111,0.4620316821724918,0.8828828828828829,A
Harrison Barnes,PF,29,SAC,77,77,2587,7.3,15.5,0.469,2.6,6.7,0.394,4.6,8.8,0.525,6.3,7.7,0.826,1.5,6.5,8,3.5,1,0.3,2.2,1.7,23.5,121,118,0.6220880982634478,1.0254237288135593,P
Scottie Barnes,PF,20,TOR,74,74,2617,8.8,17.8,0.492,1.1,3.7,0.301,7.7,14.1,0.543,3,4.1,0.735,3.7,6.9,10.6,4.9,1.5,1.1,2.6,3.7,21.7,116,111,0.5534584778616609,1.045045045045045,A
RJ Barrett,SF,21,NYK,70,70,2417,10.1,24.7,0.408,2.9,8.4,0.342,7.2,16.4,0.442,6,8.4,0.714,1.4,7.1,8.4,4.3,0.9,0.3,3.1,2.9,29,103,113,0.510635300746584,0.911504424778761,A
Will Barton,SG,31,DEN,71,71,2277,8.4,19.3,0.438,3.4,9.3,0.365,5.1,10,0.504,2.2,2.7,0.803,0.9,6.4,7.3,5.9,1.2,0.7,2.7,2.5,22.5,108,114,0.5491019133151113,0.9473684210526315,NW
Keita Bates-Diop,SF,26,SAS,59,14,956,6.8,13.2,0.517,0.9,2.8,0.309,6,10.4,0.572,2.3,3.1,0.754,3.1,8.5,11.6,2.1,1.4,0.7,2.3,3.1,16.8,111,112,0.5767646251029938,0.9910714285714286,SW
Nicolas Batum,PF,33,LAC,59,54,1462,6,13,0.463,3.6,9,0.4,2.4,3.9,0.607,0.8,1.3,0.658,1,7.5,8.5,3.4,1.9,1.4,1.3,2.7,16.5,118,109,0.607869142351901,1.0825688073394495,P
Darius Bazley,PF,21,OKC,69,53,1924,6.9,16.4,0.422,2,6.8,0.297,4.9,9.6,0.511,3,4.3,0.688,1.8,9.2,11,2.5,1.5,1.8,2.3,1.7,18.9,101,111,0.5166192871200525,0.9099099099099099,NW
Malik Beasley,SG,25,MIN,79,18,1976,8,20.5,0.391,5.8,15.3,0.377,2.2,5.1,0.432,1.2,1.4,0.817,0.6,4.8,5.5,2.8,1,0.3,1,2.1,22.9,111,116,0.5422428490244364,0.9568965517241379,NW
DeAndre' Bembry,SF,27,TOT,56,20,1026,5.9,10.4,0.561,0.7,1.7,0.417,5.1,8.7,0.589,1,1.7,0.6,2,5.7,7.7,3.1,2.3,1.2,1.5,5.3,13.4,119,112,0.6010046645138142,1.0625,NA
DeAndre' Bembry,SF,27,BRK,48,20,949,6.2,10.9,0.568,0.8,1.8,0.417,5.4,9,0.599,1.1,1.8,0.6,1.9,5.8,7.8,3.1,2.4,1.3,1.5,5.3,14.2,120,111,0.6072528224426958,1.0810810810810811,A
Dāvis Bertāns,PF,29,TOT,56,0,807,6.1,17,0.36,4.8,14.2,0.335,1.4,2.8,0.489,2.2,2.5,0.9,0.7,6.5,7.2,1.9,1,0.7,1.2,5.2,19.2,106,114,0.5303867403314917,0.9298245614035088,NA
Patrick Beverley,PG,33,MIN,58,54,1476,5.7,14.1,0.406,2.7,7.8,0.343,3,6.3,0.485,3.1,4.3,0.722,2,5.7,7.7,8.6,2.2,1.7,2.4,5.6,17.2,119,111,0.5377688844422212,1.072072072072072,NW
Saddiq Bey,SF,22,DET,82,82,2704,8.1,20.5,0.396,3.8,11,0.346,4.3,9.5,0.454,3.8,4.6,0.827,1.9,6,8,4.2,1.3,0.3,1.7,2.3,23.8,110,116,0.5283253418575742,0.9482758620689655,C
Khem Birch,C,29,TOR,55,28,991,4.9,10.1,0.485,0,0.7,0,4.9,9.4,0.522,2.7,3.6,0.746,6.2,5.9,12.1,2.8,1.5,1.3,1.5,5.2,12.5,124,111,0.5349195480999658,1.117117117117117,A
Goga Bitadze,C,22,IND,50,16,729,8.8,16.9,0.52,1.5,5.4,0.288,7.3,11.6,0.628,4.3,6.3,0.681,5.3,6.6,11.9,3.7,1.4,2.8,3.1,7.2,23.4,118,114,0.5947539650264335,1.0350877192982457,C
Nemanja Bjelica,C,33,GSW,71,0,1142,6.8,14.6,0.468,2.3,6.4,0.362,4.5,8.2,0.549,2.5,3.5,0.728,2.6,9.9,12.6,6.8,1.8,1.1,3.7,5.5,18.5,111,105,0.5731102850061958,1.0571428571428572,P
Eric Bledsoe,PG,32,LAC,54,29,1361,7.1,16.8,0.421,1.8,5.9,0.313,5.3,11,0.479,3.2,4.2,0.761,1,5.5,6.6,8.1,2.5,0.7,4.2,3.1,19.2,100,110,0.5148005148005148,0.9090909090909091,P
Bogdan Bogdanović,SG,29,ATL,63,27,1848,9.1,21.1,0.431,4.5,12.2,0.368,4.6,8.9,0.516,2.6,3.1,0.843,0.8,5.9,6.6,5.2,1.8,0.4,1.9,3.5,25.3,114,116,0.5631232193732193,0.9827586206896551,SE
Bojan Bogdanović,PF,32,UTA,69,69,2131,9.8,21.5,0.455,4.2,10.9,0.387,5.6,10.7,0.524,5.2,6,0.858,1.3,5.5,6.9,2.8,0.8,0,2.7,2.7,28.9,116,115,0.5985915492957746,1.008695652173913,NW
Devin Booker,SG,25,PHO,68,68,2345,13.6,29.2,0.466,3.8,9.8,0.383,9.8,19.4,0.508,6.5,7.4,0.868,0.9,6.1,7,6.8,1.6,0.5,3.3,3.7,37.4,113,109,0.5761646536849888,1.036697247706422,NA
Brandon Boston Jr.,SG,20,LAC,51,0,760,8.1,21,0.385,2.2,7.2,0.306,5.9,13.8,0.425,3.8,4.6,0.819,1.1,6.1,7.2,3.3,1.7,0.8,2,2.8,22.1,98,111,0.4799339819318972,0.8828828828828829,P
Chris Boucher,SF,29,TOR,80,9,1690,7.9,17.1,0.464,2,6.8,0.297,5.9,10.3,0.575,4.4,5.7,0.777,5.3,9.3,14.6,0.7,1.4,2.2,1.2,5.1,22.3,124,108,0.5686454508363933,1.1481481481481481,A
Avery Bradley,SG,31,LAL,62,45,1406,5,11.9,0.423,2.8,7.2,0.39,2.3,4.8,0.471,0.5,0.6,0.889,1.1,3.6,4.6,1.6,1.8,0.3,1.3,4,13.4,106,116,0.5508056560341993,0.9137931034482759,P
Tony Bradley,C,24,CHI,55,7,549,6.4,10.9,0.585,0,0,NA,6.4,10.9,0.585,1.7,2.6,0.655,6,10.6,16.5,2.4,0.9,2.9,3,5.5,14.5,115,110,0.601959481899701,1.0454545454545454,C
Ignas Brazdeikis,SF,23,ORL,42,1,536,7.3,17,0.431,2.4,7.9,0.31,4.9,9.1,0.535,1.9,2.9,0.656,2.1,4.4,6.5,3.3,0.9,0.3,1.5,4.3,19,106,116,0.5198073976800175,0.9137931034482759,SE
Mikal Bridges,SF,25,PHO,82,82,2854,7.7,14.5,0.534,1.9,5.3,0.369,5.8,9.2,0.628,2.2,2.6,0.834,1.2,4.6,5.9,3.1,1.6,0.6,1.1,2.5,19.6,125,110,0.6264382510866786,1.1363636363636365,NA
Miles Bridges,PF,23,CHO,80,80,2837,10.1,20.5,0.491,2.6,7.9,0.331,7.5,12.7,0.59,4.5,5.6,0.802,1.5,7.9,9.5,5.1,1.3,1.1,2.5,3.3,27.3,117,114,0.5944086396098242,1.0263157894736843,SE
Oshae Brissett,SF,23,IND,67,25,1564,6.5,15.8,0.411,2.6,7.4,0.35,3.9,8.4,0.465,3.6,5.1,0.695,3.4,7.8,11.2,2.3,1.4,0.9,1.7,3.6,19.2,112,116,0.5320328086898691,0.9655172413793104,C
Armoni Brooks,SG-PG,23,TOT,54,11,844,5.6,16.4,0.339,4.2,14.2,0.297,1.4,2.3,0.6,1,1.2,0.857,1.1,4.7,5.9,3.5,1.6,0.6,1.5,4.2,16.4,101,117,0.4844045368620038,0.8632478632478633,NA
Bruce Brown,SF,25,BRK,72,45,1774,7,13.8,0.506,1,2.6,0.404,6,11.3,0.529,2.7,3.5,0.758,2.7,6.7,9.4,4,2.1,1.4,1.5,4.8,17.7,121,111,0.5769230769230769,1.09009009009009,A
Greg Brown III,SF,20,POR,48,6,640,6.2,14.5,0.426,1.5,4.7,0.311,4.7,9.8,0.481,3.4,5,0.677,2.9,7.4,10.3,2.7,2,1.8,2.7,6.9,17.2,102,114,0.5149700598802395,0.8947368421052632,NW
Jaylen Brown,SF,25,BOS,66,66,2220,12.9,27.2,0.473,3.7,10.4,0.358,9.2,16.9,0.544,5.4,7.1,0.758,1.2,7.9,9,5.2,1.6,0.4,4,3.6,34.9,109,108,0.5754517873631447,1.0092592592592593,A
Sterling Brown,SG,26,DAL,49,3,628,4.7,12.4,0.381,2.2,7.4,0.304,2.5,5,0.492,1.1,1.2,0.933,2.1,9.9,11.9,2.7,1.1,0.6,1.8,4.5,12.8,102,109,0.49504950495049505,0.9357798165137615,SW
Troy Brown Jr.,SF,22,CHI,66,7,1055,5,11.9,0.419,2.2,6.2,0.353,2.8,5.8,0.488,0.9,1.2,0.769,1.8,7.6,9.4,3.1,1.7,0.2,1.2,2.9,13.1,110,114,0.5270357257804956,0.9649122807017544,C
Jalen Brunson,SG,25,DAL,79,61,2524,10.1,20.1,0.502,1.9,5,0.373,8.2,15.1,0.545,3.6,4.2,0.84,0.9,5.3,6.2,7.5,1.3,0.1,2.5,3,25.6,118,112,0.5831966466192819,1.0535714285714286,SW
Reggie Bullock,SF,30,DAL,68,37,1902,5.3,13.3,0.401,3.7,10.4,0.36,1.6,2.9,0.55,1.1,1.3,0.833,0.9,5.5,6.4,2.2,1.1,0.4,1.1,2.9,15.4,111,112,0.5550749711649365,0.9910714285714286,SW
Trey Burke,PG,29,DAL,42,0,441,9.6,24.5,0.391,3,9.4,0.317,6.6,15.2,0.436,2.3,2.6,0.87,0.5,3.3,3.8,6.5,1.4,0,3,4.5,24.4,97,113,0.47574481360162224,0.8584070796460177,SW
Alec Burks,SG,30,NYK,81,44,2318,6.2,15.7,0.391,3.4,8.4,0.404,2.8,7.3,0.378,4.7,5.7,0.822,1,7.6,8.6,5.2,1.8,0.6,2,4.6,20.4,117,110,0.5601933216168717,1.0636363636363637,A
Jared Butler,SG,21,UTA,42,1,360,8.4,20.7,0.404,3.8,12.1,0.318,4.5,8.6,0.524,1.5,2.2,0.688,0.7,5.5,6.2,8.6,2.3,1.1,4.5,6.5,22.1,102,109,0.5099686173158575,0.9357798165137615,NW
Jimmy Butler,SF,32,MIA,57,57,1931,10.3,21.5,0.48,0.7,3,0.233,9.6,18.5,0.52,10.3,11.8,0.87,2.6,6.1,8.7,8.1,2.4,0.7,3.1,2.3,31.6,124,108,0.5919376592237374,1.1481481481481481,SE
Kentavious Caldwell-Pope,SG,28,WAS,77,77,2329,7.7,17.6,0.435,3.4,8.7,0.39,4.3,8.9,0.48,2.9,3.3,0.89,0.9,4.7,5.5,3.1,1.8,0.6,2.1,3,21.6,109,116,0.5668696199874029,0.9396551724137931,SE
Facundo Campazzo,PG,30,DEN,65,4,1184,4.4,12.3,0.361,2.4,8,0.301,2,4.3,0.476,2.5,3.2,0.769,1,3.9,4.8,9.1,2.6,1,2.8,5.1,13.8,109,111,0.5033557046979866,0.9819819819819819,NW
Clint Capela,C,27,ATL,74,73,2042,8.9,14.5,0.613,0,0,0,8.9,14.5,0.614,1.9,4.1,0.473,6.7,14.4,21.1,2.2,1.3,2.2,1.1,4,19.7,132,109,0.6041462217860648,1.2110091743119267,SE
Jevon Carter,PG,26,TOT,66,3,905,5.2,13.5,0.387,3.5,9.1,0.388,1.7,4.4,0.386,0.8,1,0.833,0.7,5.1,5.9,5.1,1.3,0.7,1.8,3.6,14.8,110,114,0.5308464849354376,0.9649122807017544,NA
Jevon Carter,PG,26,BRK,46,1,552,5.1,15.3,0.333,3.7,11.2,0.331,1.4,4.1,0.34,0.6,0.9,0.7,0.8,5.1,5.9,4,1.2,0.9,2.3,4,14.5,94,115,0.461901121304791,0.8173913043478261,A
Wendell Carter Jr.,PF,22,ORL,62,61,1852,9.4,17.9,0.525,1.8,5.6,0.327,7.5,12.3,0.615,3.7,5.4,0.691,3.6,13.3,16.9,4.5,0.9,1.1,3.1,4.4,24.3,115,110,0.5992306174787927,1.0454545454545454,SE
Josh Christopher,SG,20,HOU,74,2,1334,8,17.8,0.448,2,6.7,0.296,6,11.1,0.54,3,4,0.735,1.9,4.8,6.6,5.4,2.3,0.5,4.1,3.5,20.9,101,117,0.5342535787321062,0.8632478632478633,SW
Brandon Clarke,PF,25,MEM,64,1,1246,11.1,17.2,0.644,0.2,0.8,0.227,10.9,16.3,0.666,3.3,5,0.654,5.2,7.9,13.1,3.3,1.5,2.6,1.3,4.7,25.6,138,108,0.6597938144329898,1.2777777777777777,SW
Jordan Clarkson,SG,29,UTA,79,1,2141,10.8,25.7,0.419,4.4,13.8,0.318,6.4,11.9,0.535,3.3,4,0.828,1.5,4.8,6.3,4.5,1.5,0.4,3,3.4,29.2,108,113,0.5316824471959213,0.9557522123893806,NW
Nic Claxton,C,22,BRK,47,19,974,8.9,13.1,0.674,0,0,NA,8.9,13.1,0.674,2.7,4.6,0.581,4.5,8.6,13.1,2.1,1.2,2.5,1.9,5.5,20.4,130,111,0.674424755355726,1.1711711711711712,A
Amir Coffey,SG,24,LAC,69,30,1567,6.6,14.6,0.453,3,7.9,0.378,3.6,6.6,0.542,3.2,3.7,0.863,0.8,5.3,6.2,3.9,1.2,0.5,1.4,2.7,19.4,120,113,0.5977323145181167,1.0619469026548674,P
John Collins,PF,24,ATL,54,53,1663,10,19,0.526,1.9,5.2,0.364,8.1,13.8,0.588,4,5,0.793,2.7,9.7,12.5,2.9,1,1.7,1.8,4.8,25.9,122,114,0.6108490566037735,1.0701754385964912,SE
Mike Conley,PG,34,UTA,72,72,2058,8.3,19,0.435,4.1,9.9,0.408,4.2,9.1,0.464,3.1,3.9,0.796,1.1,4.1,5.2,9.2,2.3,0.5,3,3.4,23.7,120,111,0.5720216257964857,1.0810810810810811,NW
Pat Connaughton,SF,29,MIL,65,19,1691,6.4,14.1,0.458,4.1,10.5,0.395,2.3,3.6,0.643,1.3,1.5,0.833,1.3,6.5,7.8,2.3,1.7,0.4,1,2.4,18.3,124,113,0.6199186991869919,1.0973451327433628,C
DeMarcus Cousins,C,31,TOT,48,7,718,10.1,21.9,0.46,2.5,8.3,0.303,7.6,13.7,0.554,6.4,8.5,0.76,5,13.3,18.3,4.8,2.4,1.4,5.8,9.4,29.1,105,106,0.5674726989079564,0.9905660377358491,NA
Robert Covington,PF,31,TOT,71,42,1940,5.3,12.6,0.42,3.2,8.5,0.378,2,4,0.509,1.5,1.7,0.841,1.5,8.4,9.9,2.3,2.6,2.3,1.9,4.8,15.2,108,110,0.5693736889421637,0.9818181818181818,NA
Robert Covington,PF,31,POR,48,40,1431,4.4,11.5,0.381,2.7,7.9,0.343,1.7,3.6,0.462,1,1.2,0.833,1.4,8,9.4,2.3,2.5,2.2,2,4.5,12.5,100,113,0.5196208846025939,0.8849557522123894,NW
Torrey Craig,SF,31,TOT,78,16,1596,6.1,13.4,0.454,2.3,7.1,0.329,3.8,6.3,0.594,1.2,1.6,0.75,2.6,6.8,9.5,2.8,1.4,1.1,2,4.6,15.7,110,113,0.5565796937039137,0.9734513274336283,NA
Torrey Craig,SF,31,IND,51,14,1034,6.1,13.3,0.456,2.2,6.5,0.333,3.9,6.8,0.573,1.3,1.7,0.771,2.8,6.4,9.2,2.7,1.1,0.9,1.8,4.5,15.6,112,117,0.5552391799544419,0.9572649572649573,C
Jae Crowder,PF,31,PHO,67,67,1886,5.5,13.9,0.399,3.2,9.3,0.348,2.3,4.6,0.503,1.8,2.3,0.789,0.8,8.3,9,3.2,2.4,0.8,1.4,4.4,16.1,109,105,0.5398336909871245,1.0380952380952382,NA
Cade Cunningham,SG,20,DET,64,64,2088,10,24.1,0.416,2.7,8.5,0.314,7.4,15.6,0.472,3.3,3.9,0.845,1.4,6.9,8.3,8.3,1.8,1,5.5,4.7,26,96,113,0.5035636814378679,0.8495575221238938,C
Seth Curry,SG,31,TOT,64,64,2135,8.3,17.1,0.487,3.7,8.7,0.422,4.7,8.5,0.553,1.9,2.2,0.872,0.5,4.1,4.6,5.3,1.2,0.3,2.5,3.4,22.3,115,115,0.6171131281824219,1,NA
Seth Curry,SG,31,PHI,45,45,1566,8.2,16.8,0.485,3.2,8,0.4,5,8.9,0.561,2,2.3,0.877,0.5,4.3,4.8,5.8,1.1,0.4,2.7,3.2,21.5,113,115,0.6035257130024702,0.9826086956521739,A
Stephen Curry,PG,33,GSW,64,64,2211,11.8,27,0.437,6.3,16.5,0.38,5.5,10.5,0.527,6.1,6.6,0.923,0.7,6.6,7.4,8.9,1.9,0.5,4.5,2.9,35.9,115,108,0.6002541466024612,1.0648148148148149,P
Dewayne Dedmon,C,32,MIA,67,15,1065,7.7,13.6,0.566,0.9,2.2,0.404,6.8,11.4,0.597,3.5,4.7,0.75,4.9,13.2,18.1,2.2,1.1,2,3.3,8.2,19.8,117,105,0.6318611182027062,1.1142857142857143,SE
DeMar DeRozan,PF,32,CHI,76,76,2743,13.8,27.3,0.504,0.9,2.5,0.352,12.9,24.8,0.52,9.3,10.6,0.877,1,6,7,6.7,1.2,0.4,3.2,3.2,37.7,117,115,0.589725941684395,1.017391304347826,C
Hamidou Diallo,SG,23,DET,58,29,1269,10,20.2,0.496,0.9,3.6,0.247,9.2,16.6,0.55,3.5,5.4,0.65,2.7,8,10.7,2.8,2.7,0.7,2.2,5.5,24.5,107,111,0.5426116229624379,0.963963963963964,C
Gorgui Dieng,C,32,ATL,44,3,371,7,14.8,0.473,3.8,9,0.426,3.2,5.8,0.545,2.5,3.4,0.731,4.2,11.8,16,4.5,1.5,1.7,2.6,6.9,20.4,123,111,0.625920471281296,1.1081081081081081,SE
Spencer Dinwiddie,PG,28,TOT,67,51,1980,7.7,18.5,0.416,2.8,8.3,0.339,4.9,10.2,0.479,4.9,6.3,0.774,1.1,5.9,7,8.7,1.1,0.3,2.6,3.8,23.1,114,115,0.5429672809326815,0.991304347826087,NA
Spencer Dinwiddie,PG,28,WAS,44,44,1330,6.9,18.3,0.376,2.6,8.4,0.31,4.3,9.9,0.432,4.3,5.3,0.811,1.3,6.4,7.7,9.5,1,0.3,2.7,4,20.7,109,117,0.5016479255525397,0.9316239316239316,SE
Donte DiVincenzo,SG,25,TOT,42,1,1006,5.6,16.1,0.351,3.5,10.4,0.339,2.1,5.6,0.373,3.3,4,0.843,1.9,6.2,8.1,5.6,2.3,0.4,3.4,3.3,18.2,102,113,0.5095184770436729,0.9026548672566371,NA
Luka Dončić,PG,22,DAL,65,65,2301,14,30.7,0.457,4.4,12.4,0.353,9.6,18.2,0.528,8,10.7,0.744,1.2,11.7,13,12.4,1.6,0.8,6.4,3.2,40.4,110,107,0.57049254405784,1.02803738317757,SW
Luguentz Dort,SG,22,OKC,51,51,1665,8.6,21.2,0.404,3.8,11.4,0.332,4.8,9.8,0.487,4.7,5.6,0.843,1.1,5.1,6.2,2.6,1.3,0.5,2.6,4.4,25.7,104,115,0.5430189317106153,0.9043478260869565,NW
Ayo Dosunmu,SG,22,CHI,77,40,2110,6.4,12.4,0.52,1.6,4.3,0.376,4.8,8.1,0.596,1.2,1.8,0.679,0.6,4.3,5,5.9,1.4,0.7,2.5,4.2,15.7,113,115,0.5950576106731352,0.9826086956521739,C
Andre Drummond,C,28,TOT,73,36,1437,8.5,14.9,0.57,0,0.1,0,8.5,14.8,0.574,3,5.6,0.524,7.9,15.5,23.4,4.5,2.7,2.3,3.9,6.6,19.9,114,102,0.5730246486984565,1.1176470588235294,NA
Andre Drummond,C,28,PHI,49,12,902,7.1,13.2,0.538,0,0.1,0,7.1,13,0.542,2.3,4.5,0.512,7.5,16.4,23.9,5.4,3.1,2.5,4.4,6.7,16.5,110,100,0.5434782608695652,1.1,A
Chris Duarte,SG,24,IND,55,39,1541,8.5,19.7,0.432,3,8.1,0.369,5.5,11.6,0.475,2.9,3.6,0.804,1.3,5.9,7.2,3.6,1.8,0.3,2.9,3,22.9,104,117,0.5379627889494456,0.8888888888888888,C
Kevin Durant,PF,33,BRK,55,55,2047,13.7,26.4,0.518,2.7,7.1,0.383,11,19.3,0.568,8.8,9.7,0.91,0.7,9,9.6,8.3,1.1,1.2,4.5,2.7,38.9,121,112,0.6342115560193035,1.0803571428571428,A
Anthony Edwards,SG,20,MIN,72,72,2466,10.6,24,0.441,4.1,11.6,0.357,6.4,12.4,0.519,4.2,5.4,0.786,1.2,5.4,6.6,5.3,2,0.9,3.7,3.2,29.6,108,112,0.5611161662117076,0.9642857142857143,NW
Kessler Edwards,SF,21,BRK,48,23,987,5.4,13.1,0.412,2.4,6.7,0.353,3,6.4,0.473,0.8,0.9,0.842,2.2,6.3,8.4,1.5,1.4,1.2,2.1,4.2,13.9,100,113,0.5149673977474807,0.8849557522123894,A
CJ Elleby,SF,21,POR,58,28,1174,5,12.8,0.393,1.5,5.2,0.294,3.5,7.6,0.462,2.5,3.5,0.714,2.7,6.7,9.4,3.6,1.5,0.8,2.3,4.8,14.1,102,117,0.4916317991631799,0.8717948717948718,NW
Wayne Ellington,SG,34,LAL,43,9,810,5.8,14,0.414,4.9,12.5,0.389,0.9,1.5,0.615,0.5,0.7,0.818,0.6,4,4.6,1.8,1.4,0.3,1.1,2.5,17,113,116,0.5940732457366509,0.9741379310344828,P
Joel Embiid,C,27,PHI,68,68,2297,14.5,29,0.499,2,5.5,0.371,12.4,23.5,0.529,14.2,17.4,0.814,3.2,14.1,17.3,6.2,1.7,2.1,4.6,3.9,45.1,119,105,0.6151789611523353,1.1333333333333333,A
Drew Eubanks,C,24,TOT,71,31,1245,8.6,14.4,0.596,0.2,0.9,0.217,8.4,13.5,0.621,3.9,5.1,0.762,5.1,9.8,14.9,3.3,1.2,1.6,3.2,4.7,21.2,120,113,0.6368661379476088,1.0619469026548674,NA
Drew Eubanks,C,24,SAS,49,9,595,6.8,12.8,0.528,0.1,0.6,0.125,6.7,12.2,0.55,4.8,6.4,0.747,5.2,10.6,15.8,4,1,2.4,3.7,4.9,18.4,113,109,0.589139344262295,1.036697247706422,SW
Dorian Finney-Smith,PF,28,DAL,80,80,2644,6.2,13.2,0.471,3.3,8.3,0.395,2.9,4.9,0.599,1.1,1.6,0.675,2.3,4.8,7.1,2.9,1.7,0.7,1.5,3.5,16.8,119,110,0.6041426927502878,1.0818181818181818,SW
Malachi Flynn,PG,23,TOR,44,5,537,6.7,17,0.393,2.8,8.4,0.333,3.9,8.7,0.452,1.4,2.2,0.625,0.9,4.9,5.9,6.5,1.9,0.4,1.2,4.2,17.6,113,112,0.489759572573464,1.0089285714285714,A
Bryn Forbes,SG,28,TOT,75,2,1286,8.7,20.3,0.429,4.6,11.1,0.414,4.1,9.2,0.447,3,3.3,0.908,0.4,3.1,3.5,2.8,0.9,0.2,2.1,3.6,25,109,117,0.5746598013975726,0.9316239316239316,NA
Trent Forrest,PG,23,UTA,60,6,765,4.9,10,0.49,0.3,1.7,0.185,4.6,8.3,0.555,2.5,3.1,0.792,1.5,4.9,6.4,6.8,1.9,0.4,3.1,2.8,12.6,111,112,0.5543822597676874,0.9910714285714286,NW
Evan Fournier,SG,29,NYK,80,80,2358,8.5,20.5,0.417,5.1,13.1,0.389,3.4,7.3,0.465,1.7,2.4,0.708,0.7,3.7,4.5,3.6,1.7,0.4,2.2,3.8,23.9,109,113,0.5543700129894228,0.9646017699115044,A
De'Aaron Fox,PG,24,SAC,59,59,2083,11.9,25.2,0.473,1.7,5.8,0.297,10.2,19.5,0.524,6,8,0.75,0.6,4.8,5.3,7.6,1.6,0.6,3.9,4,31.6,107,117,0.5501392757660167,0.9145299145299145,P
Daniel Gafford,C,23,WAS,72,53,1444,9.8,14.1,0.693,0,0,0,9.8,14,0.695,3.7,5.2,0.699,5.3,8.6,13.9,2.3,1,3.4,2.2,5.8,23.2,134,111,0.7078350012204052,1.2072072072072073,SE
Danilo Gallinari,PF,33,ATL,66,18,1672,7.6,17.5,0.434,3.3,8.6,0.381,4.3,8.9,0.485,4.1,4.6,0.904,1,8,9.1,3,0.8,0.4,1.1,2.7,22.7,120,117,0.5813357918459332,1.0256410256410255,SE
Darius Garland,PG,22,CLE,68,68,2430,11.1,24.1,0.462,3.6,9.3,0.383,7.6,14.8,0.512,4.4,5,0.892,0.8,3.8,4.6,12,1.8,0.1,5.1,2.4,30.3,112,112,0.5760456273764258,1,C
Rudy Gay,PF,35,UTA,55,1,1038,7.5,18,0.414,3.3,9.7,0.345,4.1,8.4,0.494,3,3.8,0.785,2.6,8.9,11.5,2.7,1.2,0.9,2.2,4.5,21.2,110,110,0.5388369255795038,1,NW
Taj Gibson,C,36,NYK,52,4,946,4.5,8.8,0.518,0.8,2,0.395,3.8,6.8,0.555,2.2,2.8,0.808,4.7,7.5,12.1,1.7,1.2,2.1,1.4,7.2,12.1,127,110,0.6030701754385964,1.1545454545454545,A
Josh Giddey,SF,19,OKC,54,54,1700,8.1,19.2,0.419,1.6,6.1,0.263,6.4,13.1,0.492,1.6,2.3,0.709,2.8,9.3,12.1,9.9,1.5,0.6,4.9,2.5,19.3,97,112,0.47743914506233925,0.8660714285714286,NW
Shai Gilgeous-Alexander,PG,23,OKC,56,56,1942,12,26.4,0.453,2.2,7.4,0.3,9.7,18.9,0.514,8.2,10.2,0.81,0.9,6,7,8.3,1.8,1.2,3.9,3.6,34.4,111,113,0.5568505568505568,0.9823008849557522,NW
Anthony Gill,PF,29,WAS,44,0,463,6.6,11.6,0.569,1.5,2.8,0.538,5.1,8.9,0.578,4.5,5.6,0.808,3.5,5.6,9.1,2.9,0.5,1.2,1.9,6.2,19.2,132,117,0.68259385665529,1.1282051282051282,SE
Rudy Gobert,C,29,UTA,66,66,2120,8.4,11.8,0.713,0,0.1,0,8.4,11.7,0.718,7.1,10.2,0.69,5.6,16.9,22.6,1.7,1,3.2,2.8,4.1,23.9,137,103,0.7336689587426326,1.3300970873786409,NW
Aaron Gordon,PF,26,DEN,75,75,2376,9,17.2,0.52,1.8,5.4,0.335,7.2,11.9,0.605,3.5,4.7,0.743,2.6,6.5,9.1,3.9,0.9,0.9,2.7,3.1,23.2,115,114,0.6020344612829561,1.0087719298245614,NW
Eric Gordon,SG,33,HOU,57,46,1669,7.6,16.1,0.475,3.5,8.6,0.412,4.1,7.5,0.548,3,3.8,0.778,0.4,2.8,3.2,4.4,0.8,0.5,3.1,1.8,21.8,111,121,0.6133243304073823,0.9173553719008265,SW
Devonte' Graham,PG,26,NOP,76,63,2162,6.8,18.6,0.363,4.4,12.9,0.341,2.4,5.8,0.413,2.7,3.2,0.843,0.8,3.2,4,7.2,1.6,0.3,2.4,2.2,20.6,109,116,0.5147940823670532,0.9396551724137931,SW
Jerami Grant,PF,27,DET,47,47,1500,9.7,22.7,0.426,3,8.3,0.358,6.7,14.5,0.465,7.1,8.4,0.838,0.9,5.3,6.2,3.6,1.4,1.6,2.8,3.5,29.4,109,114,0.55690256099409,0.956140350877193,C
Danny Green,SF,34,PHI,62,28,1353,4.6,11.8,0.394,3.8,10,0.38,0.8,1.8,0.469,0.4,0.5,0.786,1.2,4.6,5.8,2.4,2.2,1.4,1.7,3.9,13.5,106,111,0.5615640599001663,0.954954954954955,A
Draymond Green,PF,31,GSW,46,44,1329,5,9.4,0.525,0.6,2,0.296,4.4,7.4,0.586,2.2,3.3,0.659,1.7,10.7,12.3,11.7,2.2,1.8,5.1,5,12.7,109,103,0.5851455952819756,1.058252427184466,P
Jalen Green,SG,19,HOU,67,67,2138,9,21.2,0.426,3.5,10.2,0.343,5.5,11,0.502,4.2,5.3,0.797,0.7,4.3,5,3.9,1,0.4,3,2.3,25.8,105,120,0.5481896991330953,0.875,SW
JaMychal Green,PF,31,DEN,67,8,1085,7.2,14.8,0.486,1.5,5.6,0.266,5.7,9.2,0.621,3.7,4.2,0.871,3.7,9,12.7,2.7,1.9,1.2,2.6,7.1,19.5,114,109,0.5856559346468044,1.0458715596330275,NW
Javonte Green,SF,28,CHI,65,45,1519,5.7,10.4,0.542,1.2,3.2,0.356,4.5,7.2,0.625,2.6,3.1,0.833,2.9,5.9,8.9,1.9,2.2,1,1,4.2,15,131,112,0.6375382522951376,1.1696428571428572,C
Jeff Green,PF,35,DEN,75,63,1849,7.3,14,0.524,1.4,4.5,0.315,5.9,9.6,0.62,4.4,5.3,0.833,1.1,5,6.1,2.5,0.7,0.7,1.9,4,20.5,119,115,0.6276022532451628,1.0347826086956522,NW
Josh Green,SG,21,DAL,67,3,1039,6.3,12.4,0.508,1.4,3.8,0.359,4.9,8.6,0.573,1.5,2.2,0.689,2.5,5.3,7.8,3.8,2.2,0.7,2.1,5.6,15.5,114,109,0.5797426690604428,1.0458715596330275,SW
Blake Griffin,C,32,BRK,56,24,958,6.7,15.8,0.425,1.9,7.3,0.262,4.8,8.5,0.565,2.8,3.8,0.724,3,8.5,11.5,5.3,1.4,0.7,1.6,4.8,18.2,115,113,0.5208333333333333,1.0176991150442478,A
Quentin Grimes,SG,21,NYK,46,6,786,6,15,0.404,4.6,12,0.381,1.5,2.9,0.5,0.8,1.2,0.684,1.5,4.5,6,2.8,2,0.7,1.8,4.6,17.5,111,111,0.5634981968057702,1,A
Rui Hachimura,PF,23,WAS,42,13,943,9.8,20,0.491,2.9,6.5,0.447,6.9,13.5,0.512,2.4,3.5,0.697,1.3,7.1,8.4,2.5,1.2,0.5,1.7,2.8,24.9,111,116,0.5779944289693594,0.9568965517241379,SE
Tyrese Haliburton,SG-PG,21,TOT,77,77,2695,7.7,16.3,0.473,2.9,7,0.414,4.8,9.3,0.517,2.9,3.4,0.842,1.1,4.5,5.6,11.3,2.4,0.9,3.6,2.2,21.2,119,115,0.5956394695437177,1.0347826086956522,NA
Tyrese Haliburton,SG,21,SAC,51,51,1757,7.3,16,0.457,2.8,6.9,0.413,4.5,9.1,0.491,2.4,2.8,0.837,1.1,4.4,5.4,10.4,2.4,0.9,3.1,1.9,19.9,117,115,0.577414113277623,1.017391304347826,P
R.J. Hampton,SG,20,ORL,64,14,1402,6,15.8,0.383,2.2,6.3,0.35,3.8,9.5,0.405,2.6,4,0.641,0.8,5.9,6.7,5.5,1.4,0.4,3,3.5,16.9,94,114,0.48120728929384954,0.8245614035087719,SE
Tim Hardaway Jr.,SG,29,DAL,42,20,1245,8.4,21.4,0.394,4.1,12.3,0.336,4.3,9.1,0.473,3.2,4.2,0.757,0.5,5.8,6.3,3.7,1.5,0.2,1.4,3,24.2,107,111,0.5204748795595321,0.963963963963964,SW
James Harden,PG,32,TOT,65,65,2419,8.2,20.1,0.41,3,9.1,0.33,5.2,11,0.476,9.5,10.8,0.877,1.1,9,10.1,13.5,1.7,0.7,5.7,3.1,29,115,111,0.5834540479639465,1.0360360360360361,NA
James Harden,PG,32,BRK,44,44,1627,8.7,21,0.414,3,9.1,0.332,5.7,11.9,0.476,9.1,10.4,0.869,1.3,9.2,10.5,13.3,1.7,0.9,6.3,3.1,29.5,112,111,0.576712543009071,1.009009009009009,A
Maurice Harkless,SF,28,SAC,47,24,863,4.6,10.1,0.459,1.7,5.6,0.307,2.9,4.5,0.65,1.1,1.6,0.714,0.7,5.6,6.2,1.3,1.6,1.3,1.7,4.3,12.1,101,115,0.5599777860051832,0.8782608695652174,P
Montrezl Harrell,C,28,TOT,71,3,1641,10.7,16.6,0.645,0.1,0.5,0.235,10.6,16.1,0.658,6.3,8.8,0.716,4.4,8.4,12.9,4.3,0.9,1.3,2.1,4.1,27.8,134,114,0.6789761625635014,1.1754385964912282,NA
Montrezl Harrell,C,28,WAS,46,3,1117,10.9,17,0.645,0.2,0.7,0.267,10.8,16.3,0.66,6.6,9.1,0.727,4.3,9.4,13.7,4.3,0.8,1.4,2.2,3.9,28.7,134,114,0.6832031993905924,1.1754385964912282,SE
Gary Harris,SG,27,ORL,61,30,1730,6.7,15.5,0.434,3.2,8.4,0.384,3.5,7,0.494,2.3,2.7,0.874,1,2.4,3.4,3,1.6,0.3,1.7,3.1,19,110,116,0.5692713326941515,0.9482758620689655,SE
Tobias Harris,PF,29,PHI,73,73,2543,9.7,20,0.482,2,5.4,0.367,7.7,14.7,0.525,3.3,4,0.842,1.5,8.2,9.7,4.9,0.9,0.8,2.3,3.2,24.7,113,112,0.5675551470588235,1.0089285714285714,A
Josh Hart,SG,26,TOT,54,53,1791,7.9,15.6,0.504,2,5.9,0.343,5.9,9.8,0.601,4.4,5.8,0.758,1.7,9,10.7,6.2,1.7,0.4,3.1,4.1,22.2,117,113,0.6115028646981049,1.0353982300884956,NA
Isaiah Hartenstein,C,23,LAC,68,0,1216,9.2,14.7,0.626,0.6,1.2,0.467,8.7,13.5,0.64,3.7,5.3,0.689,4.7,8.7,13.4,6.4,2,3.1,3.4,6.7,22.7,127,106,0.6663926726162518,1.1981132075471699,P
Jaxson Hayes,C,21,NOP,70,28,1398,8.7,14.1,0.616,0.7,2,0.351,7.9,12,0.66,5.1,6.6,0.766,4.1,7.1,11.1,1.5,1.2,1.9,1.9,5.5,23.1,132,113,0.6792519407198307,1.168141592920354,SW
Killian Hayes,PG,20,DET,66,40,1647,5.2,13.6,0.383,1.3,4.9,0.263,3.9,8.7,0.452,1.7,2.2,0.77,1.1,5.2,6.2,8.2,2.3,1,3.3,5.4,13.4,97,113,0.4599121361889072,0.8584070796460177,C
Gordon Hayward,SF,31,CHO,49,48,1564,8.7,18.9,0.459,2.6,6.8,0.391,6,12.2,0.496,3.9,4.6,0.846,1.2,5.7,6.9,5.4,1.4,0.7,2.5,2.6,23.9,113,116,0.5711145096539858,0.9741379310344828,SE
Willy Hernangómez,C,27,NOP,50,8,839,10,19.2,0.52,0.2,0.7,0.333,9.8,18.5,0.527,6.4,8.3,0.773,8.4,11.5,19.9,3.7,1.2,1.1,3,5.7,26.7,122,111,0.5841939436373184,1.0990990990990992,SW
Tyler Herro,SG,22,MIA,66,10,2151,11.7,26.1,0.447,4.1,10.2,0.399,7.6,15.9,0.477,4.4,5.1,0.868,0.7,6.9,7.7,6.1,1,0.2,4,2.2,31.8,107,111,0.560965283657917,0.963963963963964,SE
Buddy Hield,SG,29,TOT,81,32,2499,8.6,21.3,0.406,5.1,13.9,0.366,3.6,7.4,0.482,2.2,2.5,0.874,1.3,5.6,6.8,4.4,1.4,0.5,3,3.6,24.5,105,117,0.546875,0.8974358974358975,NA
Buddy Hield,SG,29,SAC,55,6,1574,8.1,21.2,0.382,5.6,15.1,0.368,2.5,6.1,0.419,2.4,2.8,0.87,1.3,5.4,6.8,3.2,1.5,0.5,2.8,3.5,24.2,103,117,0.5394079885877319,0.8803418803418803,P
George Hill,PG,35,MIL,54,17,1253,4.5,10.5,0.429,1.6,5.1,0.306,3,5.4,0.546,2.2,2.4,0.919,1.5,4.5,5.9,4.6,1.6,0.2,1.6,2.7,12.8,117,114,0.5538248528902734,1.0263157894736843,C
Aaron Holiday,PG,25,TOT,63,15,1021,7.2,16.2,0.447,1.9,4.9,0.379,5.4,11.3,0.477,2.8,3.3,0.868,1.2,4.7,5.9,7.3,2,0.4,3.2,4.4,19.2,108,113,0.5438477226376615,0.9557522123893806,NA
Jrue Holiday,PG,31,MIL,67,64,2207,10.4,20.8,0.501,2.9,7,0.411,7.5,13.8,0.547,3,3.9,0.761,1.5,5,6.6,9.9,2.4,0.6,4,2.9,26.7,117,112,0.5929117072304139,1.0446428571428572,C
Justin Holiday,SF-SG,32,TOT,74,65,2057,6.2,15.7,0.394,4.2,11.4,0.367,2,4.3,0.467,1.2,1.5,0.806,0.7,3.8,4.5,3,1.3,0.8,1.7,3.6,17.7,107,118,0.5409535452322738,0.9067796610169492,NA
Justin Holiday,SF,32,IND,49,40,1416,6.6,15.8,0.415,4.4,11.6,0.378,2.2,4.2,0.516,1.2,1.4,0.829,0.6,4,4.7,3.1,1.2,0.6,1.7,3.6,18.7,111,119,0.5695662768031189,0.9327731092436975,C
Richaun Holmes,C,28,SAC,45,37,1074,8.9,13.4,0.66,0.1,0.2,0.4,8.8,13.2,0.664,3.1,4,0.778,4.2,10,14.2,2.2,0.8,1.8,2.5,5.7,21,127,114,0.6926121372031662,1.1140350877192982,P
Rodney Hood,PF-SF,29,TOT,52,0,709,3.9,10.7,0.369,2,6.2,0.33,1.9,4.5,0.424,1.2,1.3,0.895,1,4.2,5.2,2.6,1,0.4,0.7,2.1,11.1,108,115,0.4923704755145494,0.9391304347826087,NA
Al Horford,C,35,BOS,69,69,2005,6.6,14.1,0.467,2.2,6.6,0.336,4.4,7.5,0.582,2,2.4,0.842,2.7,10.5,13.1,5.7,1.2,2.3,1.6,3.2,17.4,124,104,0.5740300870942201,1.1923076923076923,A
Talen Horton-Tucker,SG,21,LAL,60,19,1511,7.1,17.1,0.416,1.6,5.8,0.269,5.6,11.3,0.492,3.2,4,0.8,1.2,4.9,6.1,5,1.9,0.9,2.6,4.7,18.9,102,114,0.5010604453870624,0.8947368421052632,P
Danuel House Jr.,SF,28,TOT,42,7,727,5.4,13.3,0.404,3,7.9,0.376,2.4,5.4,0.444,3,3.9,0.759,1.2,6.2,7.5,3,1.4,1.1,2.2,3.4,16.7,108,113,0.5560735215769845,0.9557522123893806,NA
Dwight Howard,C,36,LAL,60,27,971,6.6,10.8,0.612,0.4,0.7,0.533,6.2,10.1,0.618,4.7,7.2,0.658,5.8,11.7,17.6,1.7,1.7,1.8,2.3,5.7,18.4,128,109,0.6586483390607102,1.1743119266055047,P
Kevin Huerter,SF,23,ATL,74,60,2188,7.7,17.1,0.454,3.6,9.2,0.389,4.2,7.8,0.53,0.9,1.2,0.808,0.7,5,5.7,4.6,1.2,0.6,2,4.2,20,112,117,0.5672793283412753,0.9572649572649573,SE
De'Andre Hunter,SF,24,ATL,53,52,1577,7.9,17.9,0.442,2.3,6.1,0.379,5.6,11.8,0.474,4,5.2,0.765,0.8,4.7,5.5,2.1,1.1,0.7,2.2,4.8,22.1,106,117,0.5473548642758075,0.905982905982906,SE
Bones Hyland,SG,21,DEN,69,4,1310,8.6,21.4,0.403,4.9,13.4,0.366,3.7,8,0.465,4,4.7,0.856,0.5,6.5,7,7.2,1.5,0.7,3.2,5.7,26.1,109,112,0.5560763592977672,0.9732142857142857,NW
Serge Ibaka,C,32,TOT,54,12,877,8.2,16.4,0.5,2.1,5.5,0.374,6.2,10.9,0.563,1.8,2.4,0.727,3.4,10.4,13.9,2.7,0.6,1.8,2.4,5.7,20.2,112,110,0.5785976168652612,1.018181818181818,NA
Joe Ingles,SF,34,UTA,45,15,1122,5.1,12.6,0.404,3.4,9.9,0.347,1.6,2.6,0.617,0.7,1,0.773,0.5,5.2,5.8,7,1,0.2,2,3.6,14.3,117,114,0.5483128834355829,1.0263157894736843,NW
Brandon Ingram,SF,24,NOP,55,55,1869,12,26,0.461,2,6,0.327,10,20,0.501,7,8.5,0.826,0.9,7.5,8.5,8.1,0.9,0.7,4,3.1,32.9,111,115,0.5531271015467384,0.9652173913043478,SW
Frank Jackson,PG,23,DET,53,7,1164,8.1,20.2,0.402,3.6,11.7,0.308,4.5,8.6,0.529,3.6,4.4,0.827,0.8,2.9,3.6,2.3,1.1,0.4,1.6,3.7,23.5,106,118,0.5308095410191543,0.8983050847457628,C
Jaren Jackson Jr.,PF,22,MEM,78,78,2126,9.7,23.3,0.415,2.9,9,0.319,6.8,14.3,0.476,6.4,7.8,0.823,2.7,7.5,10.2,1.9,1.6,4,2.9,6.1,28.6,109,106,0.5349393984737394,1.028301886792453,SW
Josh Jackson,SF,24,TOT,51,3,830,7,17.6,0.4,1.9,7.6,0.254,5.1,10,0.512,3.2,4.5,0.714,1.2,7,8.3,3.2,1.5,1.3,2.8,5.2,19.2,95,114,0.4902962206332992,0.8333333333333334,NA
Reggie Jackson,SG,31,LAC,75,75,2337,10,25.6,0.392,3.5,10.7,0.326,6.5,14.9,0.439,2.9,3.4,0.847,0.8,4.9,5.7,7.5,1.2,0.3,3.6,3.3,26.5,99,113,0.48900206672571594,0.8761061946902655,P
LeBron James,C,37,LAL,56,56,2084,14.7,28.1,0.524,3.7,10.3,0.359,11,17.8,0.62,5.8,7.7,0.756,1.4,9.1,10.6,8,1.7,1.4,4.5,2.8,39,117,111,0.6192835365853658,1.054054054054054,P
Ty Jerome,SG,24,OKC,48,4,801,7.5,19.9,0.378,3.3,11.3,0.29,4.3,8.6,0.493,2.3,2.9,0.809,1.2,3.6,4.7,6.6,1.8,0.3,2.2,4.4,20.7,103,115,0.48876086135247454,0.8956521739130435,NW
Isaiah Joe,SG,22,PHI,55,1,609,5.1,14.5,0.35,3.7,11.1,0.333,1.4,3.4,0.405,2.4,2.5,0.935,0.5,4.1,4.6,2.9,1.1,0.2,1.6,3.8,16.2,103,115,0.5192307692307693,0.8956521739130435,A
Cameron Johnson,PF,25,PHO,66,16,1730,7.8,16.9,0.46,4.6,10.9,0.425,3.1,6,0.523,2.7,3.2,0.86,1.2,6.4,7.6,2.8,1.6,0.4,1.3,3.1,22.9,123,109,0.625409656980555,1.128440366972477,NA
James Johnson,PF,34,BRK,62,10,1191,5.9,12.5,0.469,0.9,3.5,0.271,4.9,9,0.545,1.2,2.2,0.527,2.1,6.7,8.8,5.3,1.2,1.4,2,6.6,13.8,109,113,0.5123255123255124,0.9646017699115044,A
Keldon Johnson,SF,22,SAS,75,74,2392,9.4,20.3,0.466,3.2,8,0.398,6.3,12.3,0.51,3.6,4.7,0.756,1.6,7.6,9.2,3.2,1.2,0.3,1.8,3,25.6,114,114,0.5722460658082975,1,SW
Stanley Johnson,PF,25,LAL,48,27,1094,5.1,11,0.466,1.4,4.6,0.314,3.7,6.4,0.575,2.3,3.2,0.716,1.5,5.3,6.8,3.5,1.9,0.6,1.5,4.8,14,114,114,0.5641521598968408,1,P
Nikola Jokić,C,26,DEN,74,74,2476,15.1,26,0.583,1.9,5.7,0.337,13.2,20.3,0.652,7.5,9.3,0.81,4.1,16.1,20.2,11.6,2.2,1.2,5.6,3.8,39.7,126,105,0.6596437591386416,1.2,NW
Damian Jones,C,26,SAC,56,15,1017,8.3,12.6,0.658,0.5,1.4,0.345,7.8,11.2,0.696,4.4,6.2,0.718,3.5,8.1,11.6,3.3,1.2,2.2,2.8,6.2,21.5,128,113,0.7013308977035491,1.1327433628318584,P
Derrick Jones Jr.,PF,24,CHI,51,8,899,5.7,10.6,0.538,1.1,3.3,0.328,4.6,7.3,0.634,3,3.8,0.8,3.3,5.9,9.2,1.6,1.4,1.8,1.6,5.7,15.5,124,113,0.6315189048239895,1.0973451327433628,C
Herbert Jones,PF,23,NOP,78,69,2335,5.8,12.2,0.476,1.2,3.6,0.337,4.6,8.6,0.533,2.9,3.4,0.84,2.1,4.2,6.3,3.5,2.7,1.3,2.1,5,15.7,114,112,0.5731600467289719,1.0178571428571428,SW
Tre Jones,PG,22,SAS,69,11,1148,6.9,14.2,0.49,0.4,2.1,0.196,6.5,12,0.542,3,3.8,0.78,1.2,5.3,6.5,9.7,1.8,0.3,1.9,3.3,17.3,120,114,0.5449848790322581,1.0526315789473684,SW
Tyus Jones,PG,25,MEM,73,23,1549,7.7,17,0.451,2.5,6.3,0.39,5.2,10.7,0.487,1.7,2,0.818,0.5,4.9,5.4,10,2,0.1,1.4,1,19.5,125,112,0.5453020134228188,1.1160714285714286,SW
DeAndre Jordan,C,33,TOT,48,20,622,7.2,11.2,0.643,0,0,NA,7.2,11.2,0.643,1.7,3.1,0.55,6.5,14.1,20.6,1.6,0.9,2.7,2.9,5.5,16.1,120,107,0.6407195160776823,1.1214953271028036,NA
Cory Joseph,PG,30,DET,65,39,1600,5.4,12.2,0.445,2,4.8,0.414,3.4,7.4,0.465,3,3.4,0.885,0.9,4.4,5.3,7.2,1.3,0.5,2.6,4.5,15.9,115,116,0.5804614485981309,0.9913793103448276,C
Luke Kennard,SG,25,LAC,70,13,1919,7.3,16.3,0.449,4.9,10.8,0.449,2.5,5.5,0.449,1.8,2,0.896,0.5,5.3,5.8,3.7,1.1,0.2,1.5,2.6,21.3,119,113,0.6199068684516881,1.0530973451327434,P
Corey Kispert,SF,22,WAS,77,36,1801,6.4,14.1,0.455,3.1,8.8,0.35,3.4,5.3,0.629,1.5,1.7,0.871,1.5,4.3,5.7,2.3,1,0.6,1.4,2.6,17.4,114,118,0.5859375,0.9661016949152542,SE
Maxi Kleber,PF,30,DAL,59,21,1450,4.9,12.3,0.398,2.9,8.9,0.325,2,3.4,0.586,1.6,2.3,0.708,2.4,9.7,12.1,2.4,1,2,1.6,4.8,14.3,109,107,0.537109375,1.0186915887850467,SW
John Konchar,SG,25,MEM,72,7,1292,5,9.7,0.515,1.9,4.7,0.413,3.1,5,0.61,1,1.8,0.551,3.2,9,12.2,4,1.7,0.8,1.1,3.3,12.9,133,109,0.6147540983606558,1.2201834862385321,SW
Furkan Korkmaz,SG,24,PHI,67,19,1414,6.4,16.6,0.387,2.7,9.4,0.289,3.7,7.2,0.515,2.4,3,0.81,0.8,5.4,6.2,4.5,1.2,0.3,1.7,2,18,104,114,0.5022321428571428,0.9122807017543859,A
Jonathan Kuminga,SF,19,GSW,70,12,1185,9.7,18.9,0.513,2.1,6.1,0.336,7.7,12.8,0.598,5.3,7.8,0.684,2.2,7.4,9.6,2.6,1.3,0.9,3,6,26.8,112,108,0.6000358230342111,1.037037037037037,P
Kyle Kuzma,PF,26,WAS,66,66,2204,9.5,21,0.452,2.9,8.4,0.341,6.6,12.6,0.526,3.5,4.9,0.712,1.6,11,12.6,5.2,0.9,1.3,3.8,2.9,25.4,103,113,0.5484539644152704,0.911504424778761,SE
Jeremy Lamb,SF-SG,29,TOT,56,0,935,6.9,18.1,0.383,2.9,8.9,0.324,4.1,9.2,0.441,4.6,5.5,0.84,1.4,6.7,8,4.2,1.6,1.1,1.9,3.1,21.3,109,116,0.5190058479532164,0.9396551724137931,NA
Jock Landale,C,26,SAS,54,1,589,8.2,16.6,0.495,2.4,7.2,0.326,5.9,9.4,0.626,2.8,3.3,0.829,5.1,6.1,11.2,3.7,0.8,1.1,2.5,4.3,21.6,119,114,0.5982716596499004,1.043859649122807,SW
Romeo Langford,SG,22,TOT,48,5,771,5.3,12.3,0.435,1.9,5.5,0.341,3.5,6.8,0.509,1.5,2.7,0.548,1.9,5,6.9,1.4,1.4,1,1,3,14,108,109,0.5189798339264531,0.9908256880733946,NA
Romeo Langford,SG,22,BOS,44,5,728,5.4,12.6,0.429,2,5.7,0.349,3.4,6.9,0.495,1.4,2.3,0.588,2,5.1,7.1,1.3,1.4,1.1,1.1,3.1,14.1,108,109,0.5179253599764914,0.9908256880733946,A
Zach LaVine,SG,26,CHI,67,67,2328,11.8,24.9,0.476,3.9,10,0.389,8,14.9,0.534,6.7,7.9,0.853,0.5,6,6.5,6.4,0.9,0.5,3.6,2.5,34.3,115,116,0.6043839864674373,0.9913793103448276,C
Damion Lee,SG,29,GSW,63,5,1256,6.6,14.9,0.441,2.4,7.3,0.337,4.1,7.6,0.541,2.6,2.9,0.88,1,6.8,7.9,2.4,1.5,0.2,1.5,3.7,18.1,111,109,0.5594708209693373,1.018348623853211,P
Caris LeVert,SG,27,TOT,58,49,1781,10.5,23.6,0.444,2.3,7.1,0.32,8.2,16.5,0.497,4,5.3,0.756,1.2,4.7,5.9,6.9,1.4,0.6,3,3.6,27.3,108,116,0.526376677464137,0.9310344827586207,NA
Nassir Little,SF,21,POR,42,23,1088,6.5,14.1,0.46,2.3,6.9,0.331,4.2,7.2,0.584,3.1,4.2,0.734,2.6,8,10.6,2.4,1.1,1.6,1.8,3.7,18.4,115,116,0.5768748432405316,0.9913793103448276,NW
Kevon Looney,C,25,GSW,82,80,1732,5.9,10.2,0.571,0,0,0,5.9,10.2,0.573,2.1,3.5,0.6,5.9,10.9,16.8,4.6,1.4,1.5,1.9,6.1,13.8,128,105,0.5877342419080069,1.2190476190476192,P
Kevin Love,C,33,CLE,74,4,1665,9.8,22.8,0.43,5.6,14.3,0.392,4.2,8.5,0.493,5,5.9,0.838,2.6,13.5,16.1,4.8,0.8,0.5,2.9,3,30.2,117,108,0.594581823909277,1.0833333333333333,C
Kyle Lowry,PG,35,MIA,63,63,2133,6.5,14.7,0.44,3.4,9,0.377,3.1,5.7,0.539,3.5,4.1,0.851,0.8,5.8,6.6,11.1,1.6,0.4,3.9,4.2,19.8,118,110,0.5998545807077074,1.0727272727272728,SE
Timothé Luwawu-Cabarrot,SF,26,ATL,52,18,685,5.3,13.3,0.398,3.2,8.8,0.361,2.2,4.6,0.469,2.5,2.9,0.854,1.2,4.7,5.9,2.9,1.3,0.4,1.4,5.5,16.3,113,117,0.5591383095499451,0.9658119658119658,SE
Trey Lyles,PF,26,TOT,75,23,1537,8.3,17.8,0.466,2.1,6.6,0.321,6.2,11.2,0.552,6.2,7.7,0.802,2.8,9.2,12,2.8,0.9,1,2.3,3.9,24.8,116,114,0.5852369265622049,1.0175438596491229,NA
Trey Lyles,PF,26,DET,51,3,990,8.6,18.9,0.456,2.2,7.2,0.301,6.5,11.7,0.55,6.8,8.7,0.784,3,9.1,12,2.9,1.1,1.3,2.7,4.5,26.2,113,113,0.5763815557902148,1,C
Théo Maledon,PG,20,OKC,51,7,908,6.4,17,0.375,2.4,8,0.293,4,9,0.449,4.2,5.4,0.79,1.1,6,7,6,1.7,0.6,3.5,3.6,19.4,99,114,0.5006193228736581,0.868421052631579,NW
Terance Mann,SF,25,LAC,81,33,2317,7.1,14.6,0.484,1.6,4.4,0.365,5.5,10.2,0.535,2.7,3.5,0.78,2.2,6.8,9,4.4,1.2,0.4,1.8,3.8,18.4,117,112,0.5700123915737298,1.0446428571428572,P
Tre Mann,PG,20,OKC,60,26,1367,8.2,21,0.393,3.5,9.7,0.36,4.7,11.3,0.421,2.3,2.9,0.793,0.9,5.2,6.1,3.2,1.7,0.4,2.5,3.6,22.3,97,114,0.5005386963548214,0.8508771929824561,NW
Lauri Markkanen,SF,24,CLE,61,61,1878,8.3,18.7,0.445,3.6,10.1,0.358,4.7,8.6,0.548,3.7,4.2,0.868,1.6,7.6,9.2,2.2,1.2,0.8,1.4,3.5,23.9,117,110,0.5815651158263578,1.0636363636363637,C
Naji Marshall,SF,24,NOP,55,4,735,7.3,18.1,0.405,1.4,7.1,0.2,5.9,11,0.537,5,6.2,0.796,2.6,7,9.5,4.2,2.2,0.5,3.1,4.6,21,103,112,0.5041290570386018,0.9196428571428571,SW
Caleb Martin,SF,26,MIA,60,12,1372,7.6,15,0.507,2.3,5.7,0.413,5.3,9.3,0.565,2.6,3.4,0.763,2.6,5.8,8.4,2.3,2.1,1.1,1.9,3.8,20.1,119,108,0.6092386032977692,1.1018518518518519,SE
Cody Martin,SF,26,CHO,71,11,1866,5.2,10.9,0.482,1.6,4.1,0.384,3.7,6.8,0.542,1.9,2.8,0.701,2.1,5.2,7.3,4.6,2.3,0.8,1.6,3,14,120,114,0.5769864820309925,1.0526315789473684,SE
Kenyon Martin Jr.,SF,21,HOU,79,2,1656,8,15,0.533,1.7,4.8,0.357,6.3,10.2,0.617,2.2,3.5,0.634,2.3,6.2,8.5,2.9,1,1.1,1.7,3.2,20,118,118,0.6045949214026602,1,SW
Garrison Mathews,SG,25,HOU,65,33,1712,5.1,12.8,0.399,3.9,10.7,0.36,1.3,2.1,0.6,4,5,0.794,0.9,4.4,5.3,1.8,1.6,0.7,1.1,4.7,18.1,120,118,0.6033333333333334,1.0169491525423728,SW
Wesley Matthews,SG,35,MIL,49,14,1002,4.2,10.5,0.395,2.5,7.5,0.338,1.6,3,0.54,1.1,1.3,0.786,1.4,3,4.4,1.7,1.1,0.4,0.9,4.2,11.9,113,116,0.5373916184971099,0.9741379310344828,C
Tyrese Maxey,PG,21,PHI,75,74,2650,9.1,18.7,0.485,2.5,5.8,0.427,6.6,12.9,0.512,4,4.6,0.866,0.5,4,4.5,6,1,0.6,1.7,2.9,24.7,121,115,0.5959274271376181,1.0521739130434782,A
CJ McCollum,SG,30,TOT,62,62,2145,12.3,26.6,0.46,4.2,10.7,0.388,8.1,15.9,0.509,2.7,3.9,0.682,1.2,4.9,6.2,7.2,1.6,0.5,2.9,2.8,31.3,111,117,0.5526910580590478,0.9487179487179487,NA
Jaden McDaniels,PF,21,MIN,70,31,1803,6.7,14.6,0.46,2.1,6.6,0.317,4.6,8,0.579,1.5,1.9,0.803,2,5.7,7.7,2.1,1.4,1.4,2,5.9,17.1,108,113,0.553899974086551,0.9557522123893806,NW
Jalen McDaniels,SF,24,CHO,55,2,895,6.6,13.6,0.484,2.2,5.8,0.38,4.4,7.8,0.562,2.8,3.9,0.736,2,7.1,9.1,3.1,1.4,1.2,1.9,5,18.2,116,114,0.5941499085923218,1.0175438596491229,SE
Doug McDermott,PF,30,SAS,51,51,1223,8.4,18.2,0.462,4.2,10,0.422,4.2,8.2,0.512,1.6,2,0.784,0.7,3.8,4.5,2.5,0.5,0.2,1.7,3.1,22.7,112,118,0.5948637316561846,0.9491525423728814,SW
JaVale McGee,C,34,PHO,74,17,1172,11.8,18.8,0.629,0.1,0.4,0.222,11.7,18.4,0.637,4.2,6,0.699,6.7,13.7,20.4,1.7,0.9,3.3,4,7.4,27.9,118,102,0.6506529850746268,1.1568627450980393,NA
Rodney McGruder,SG,30,DET,51,2,754,6.3,14.6,0.436,3.8,9.4,0.397,2.6,5.1,0.506,1.2,1.7,0.731,2,5.2,7.2,3.1,1.4,0.5,1.6,3.8,17.7,115,116,0.5766223612197029,0.9913793103448276,C
Jordan McLaughlin,PG,25,MIN,62,3,902,4.6,10.5,0.44,1.4,4.5,0.318,3.2,6.1,0.53,1.6,2.1,0.75,1.2,3.8,5,9.5,3,0.5,2,2.8,12.3,122,112,0.5383403361344539,1.0892857142857142,NW
Ben McLemore,SG,28,POR,64,6,1285,8.2,20.5,0.401,5.7,15.9,0.362,2.5,4.6,0.533,2.7,3.3,0.818,0.5,3.5,3.9,2.2,1.4,0.4,2.1,3.9,24.9,108,120,0.5671465014577259,0.9,NW
De'Anthony Melton,SG,23,MEM,73,15,1657,8.1,20.1,0.404,4,10.7,0.374,4.1,9.3,0.44,2.6,3.5,0.75,1.8,7.6,9.5,5.6,3,1.1,3.2,3.7,22.8,108,107,0.5268022181146026,1.0093457943925233,SW
Chimezie Metu,C,24,SAC,60,20,1279,7.6,16.9,0.452,2.1,7,0.306,5.5,9.9,0.555,2.7,3.4,0.78,1.3,11.3,12.6,2.3,1.9,1.2,2.3,3.5,20.1,104,111,0.54631441617743,0.9369369369369369,P
Khris Middleton,SF,30,MIL,66,66,2141,10.1,22.9,0.443,3.6,9.7,0.373,6.5,13.2,0.494,5.8,6.5,0.89,0.9,7.1,8,8,1.7,0.4,4.3,3.6,29.7,112,112,0.5764751552795031,1,C
Patty Mills,SG,33,BRK,81,48,2346,6.7,16.4,0.408,4.7,11.7,0.4,2,4.7,0.429,1,1.2,0.814,0.4,2.9,3.2,3.8,1.1,0.4,1.5,2.3,19.1,112,117,0.5641540642722118,0.9572649572649573,A
Shake Milton,SG,25,PHI,55,6,1179,7.3,17,0.429,1.8,5.6,0.323,5.5,11.4,0.481,2.6,3.1,0.836,1.3,4.7,6,5.9,1.2,0.7,1.9,4.2,19,109,114,0.5173164887824003,0.956140350877193,A
Davion Mitchell,PG,23,SAC,75,19,2076,8.2,19.5,0.418,2.3,7.4,0.316,5.8,12.1,0.48,1.3,2,0.659,0.8,3.1,3.8,7.3,1.3,0.6,2.6,3.3,20,101,118,0.49067713444553485,0.8559322033898306,P
Donovan Mitchell,SG,25,UTA,67,67,2266,13.5,30,0.448,5.1,14.3,0.355,8.4,15.7,0.533,5.8,6.8,0.853,1.2,5,6.2,7.8,2.2,0.3,4.4,3.6,37.8,114,111,0.5728661493695442,1.027027027027027,NW
Evan Mobley,PF,20,CLE,69,69,2331,9,17.8,0.508,0.5,2,0.25,8.5,15.8,0.541,3.6,5.4,0.663,3.1,9.1,12.2,3.7,1.2,2.5,2.8,3.1,22.2,109,107,0.5501586042823156,1.0186915887850467,C
Malik Monk,SG,23,LAL,76,37,2139,8.8,18.5,0.473,3.9,9.9,0.391,4.9,8.6,0.568,2.1,2.6,0.795,0.8,4.9,5.7,4.9,1.4,0.6,2.7,3.1,23.5,112,115,0.5981470169008349,0.9739130434782609,P
Moses Moody,SG,19,GSW,52,11,607,6.4,14.7,0.437,3.2,8.8,0.364,3.2,5.9,0.548,2.2,2.9,0.778,1.4,5.1,6.4,1.8,0.6,0.8,1,3.5,18.3,115,111,0.5727341011517276,1.0360360360360361,P
Ja Morant,PG,22,MEM,57,57,1889,14.7,29.8,0.493,2.2,6.5,0.344,12.5,23.3,0.534,8,10.5,0.761,2,6.3,8.2,9.7,1.7,0.6,5,2.2,39.6,116,111,0.5752469494479954,1.045045045045045,SW
Marcus Morris,PF,32,LAC,54,54,1564,9.4,21.6,0.434,3.2,8.6,0.367,6.2,13,0.478,4,4.6,0.872,0.8,6.7,7.5,3.5,0.9,0.6,2.2,3.6,26,108,112,0.5502878428716559,0.9642857142857143,P
Monte Morris,PG,26,DEN,75,74,2239,8.2,16.9,0.484,2.7,6.9,0.395,5.5,10.1,0.545,1.6,1.8,0.869,0.6,4.4,5,7.3,1.2,0.3,1.7,2,20.7,120,115,0.5850101740899841,1.0434782608695652,NW
Trey Murphy III,SF,21,NOP,62,1,864,6.2,15.8,0.394,4.1,10.6,0.382,2.2,5.2,0.418,2.6,2.9,0.882,2.7,5.7,8.4,2.2,1.3,0.4,0.9,3.4,19.1,120,115,0.5592644647458421,1.0434782608695652,SW
Dejounte Murray,PG,25,SAS,68,68,2366,11.6,25.2,0.462,1.9,6,0.327,9.7,19.2,0.504,4,5,0.794,1.6,9.8,11.4,12.7,2.8,0.5,3.7,2.8,29.2,113,108,0.5328467153284672,1.0462962962962963,SW
Mike Muscala,C,30,OKC,43,0,592,9.3,20.4,0.456,5.8,13.4,0.429,3.5,7,0.506,3.9,4.7,0.842,1.7,8.9,10.6,1.8,1.5,2.1,1.2,4.8,28.3,124,110,0.629784582517358,1.1272727272727272,NW
Svi Mykhailiuk,SF,24,TOR,56,5,716,6.4,16.3,0.389,2.9,9.4,0.306,3.5,7,0.5,2.2,2.6,0.865,1.4,5,6.4,3.1,1.8,0.3,2.2,3.8,17.8,104,113,0.510204081632653,0.9203539823008849,A
Larry Nance Jr.,C-PF,29,TOT,46,11,1040,6.1,11.6,0.522,1.1,3.3,0.329,5,8.3,0.599,1.9,2.7,0.702,3.4,8.3,11.7,3.8,2,0.9,1.7,4,15.1,121,114,0.5903972474194558,1.0614035087719298,NA
Aaron Nesmith,SF,22,BOS,52,3,574,6.2,15.8,0.396,2.7,10,0.27,3.5,5.8,0.612,1.8,2.3,0.808,1.3,6.4,7.7,1.9,1.7,0.4,2.7,6.1,17,95,108,0.5055912443492743,0.8796296296296297,A
Raul Neto,PG,29,WAS,70,19,1372,7.4,15.9,0.463,1.3,4.3,0.292,6.1,11.6,0.526,3,3.9,0.769,0.5,4.4,4.8,7.8,2,0.1,2.8,3.7,19,108,116,0.5392824704813806,0.9310344827586207,SE
Georges Niang,PF,28,PHI,76,7,1736,7.1,16.2,0.437,4.5,11.1,0.403,2.6,5.1,0.511,1.5,1.7,0.881,0.7,5.1,5.8,2.9,0.9,0.4,1.7,5.5,20.1,113,115,0.5929903233419873,0.9826086956521739,A
Jaylen Nowell,SG,22,MIN,62,1,975,9.6,20.2,0.475,3.1,7.8,0.394,6.5,12.3,0.526,3.5,4.5,0.783,1.1,4.9,6,6.3,1.3,0.5,1.8,3.6,25.7,121,115,0.5793507664562669,1.0521739130434782,NW
Frank Ntilikina,SG,23,DAL,58,5,685,6.5,16.4,0.399,2.8,8.2,0.342,3.7,8.2,0.455,1.8,1.8,0.96,0.9,4.9,5.8,5.1,2,0.5,2.3,4.5,17.6,104,110,0.5118659841786878,0.9454545454545454,SW
Jusuf Nurkić,C,27,POR,56,56,1579,9.9,18.6,0.535,0.5,1.7,0.268,9.5,16.8,0.563,5.7,8.3,0.69,5.2,14,19.2,4.9,1.9,1.1,4.4,5.8,26.1,112,112,0.5864641380550063,1,NW
David Nwaba,SF,29,HOU,46,4,609,6.6,13.8,0.483,1.2,3.8,0.306,5.5,9.9,0.551,3.8,5.2,0.716,3.2,8.6,11.8,2.7,2.2,1.6,1.6,4.3,18.2,117,113,0.5656389855793137,1.0353982300884956,SW
Jordan Nwora,SF,23,MIL,62,13,1185,7.5,18.7,0.403,3.2,9.2,0.348,4.3,9.5,0.455,1.5,1.7,0.837,1.5,7.5,9,2.4,1,0.7,2.3,3.2,19.7,100,113,0.5064788153023447,0.8849557522123894,C
Royce O'Neale,SF,28,UTA,77,77,2406,4.2,9.1,0.457,2.4,6.3,0.389,1.7,2.8,0.609,0.9,1.2,0.804,1.3,6.2,7.6,3.9,1.8,0.7,1.6,3.8,11.7,122,111,0.6076028250934773,1.0990990990990992,NW
Chuma Okeke,PF,23,ORL,70,20,1749,6,15.9,0.376,3.3,10.3,0.318,2.7,5.6,0.48,1.5,1.8,0.846,1.3,8.3,9.6,3.3,2.7,1.2,1.6,2.6,16.7,101,109,0.5002396357536544,0.926605504587156,SE
Josh Okogie,SG,23,MIN,49,6,516,3.9,9.6,0.404,1.3,4.3,0.298,2.6,5.3,0.491,3.2,4.7,0.686,2.7,3.8,6.5,2.3,2.4,1.1,2.1,4.9,12.3,107,112,0.5270826191292425,0.9553571428571429,NW
Onyeka Okongwu,C,21,ATL,48,6,992,7.7,11.2,0.69,0,0,NA,7.7,11.2,0.69,4,5.4,0.727,5.7,8.3,14,2.6,1.5,3,2.2,7.4,19.4,138,111,0.7144961697112551,1.2432432432432432,SE
Isaac Okoro,SF,21,CLE,67,61,1981,5.2,10.9,0.48,1.4,4,0.35,3.8,6.9,0.555,3,3.9,0.768,1.8,3.3,5.1,3.1,1.4,0.6,1.5,4.1,14.8,120,113,0.586556753329106,1.0619469026548674,C
Cedi Osman,SF,26,CLE,66,3,1462,8.4,19.5,0.432,4.4,12.3,0.357,4.1,7.3,0.559,3,4.5,0.664,0.9,4.1,5,4.6,1.8,0.3,2.3,4.3,24.2,111,112,0.563314711359404,0.9910714285714286,C
Kelly Oubre Jr.,SF,26,CHO,76,13,1999,9.8,22.4,0.44,4.6,13.3,0.345,5.3,9.1,0.578,3,4.5,0.667,1.9,5.4,7.2,2,1.8,0.7,1.6,4.5,27.3,111,115,0.5598851517637408,0.9652173913043478,SE
Eric Paschall,PF,25,UTA,58,3,736,7.7,15.8,0.485,2.7,7.3,0.37,5,8.5,0.583,4.4,5.8,0.767,2,5.1,7.1,2.4,0.6,0.3,1.8,3.4,22.4,123,115,0.6102877070619006,1.0695652173913044,NW
Chris Paul,PG,36,PHO,65,65,2139,8.2,16.6,0.493,1.4,4.5,0.317,6.7,12.1,0.559,3.8,4.5,0.837,0.5,5.9,6.4,15.8,2.7,0.4,3.4,3,21.6,124,107,0.581270182992465,1.158878504672897,NA
Cameron Payne,PG,27,PHO,58,12,1278,9,22.1,0.409,2.7,7.9,0.336,6.4,14.2,0.449,2.8,3.4,0.843,0.9,5.7,6.6,10.6,1.5,0.6,3.9,4.5,23.6,104,109,0.5000847601288354,0.9541284403669725,NA
Elfrid Payton,PG,27,PHO,50,1,549,5.9,15.3,0.383,0.4,1.6,0.222,5.5,13.8,0.401,1.1,2.8,0.375,1.8,5.9,7.7,8.7,2.2,0.5,4.1,3.3,13.1,87,108,0.3962013065569804,0.8055555555555556,NA
Gary Payton II,SG,29,GSW,71,16,1247,8.3,13.5,0.616,1.7,4.7,0.358,6.6,8.8,0.754,1.4,2.3,0.603,2.8,6.8,9.7,2.5,3.8,0.9,1.6,5.1,19.6,129,103,0.675303197353914,1.2524271844660195,P
Mason Plumlee,C,31,CHO,73,73,1793,5.5,8.6,0.641,0,0.1,0,5.5,8.5,0.645,1.8,4.6,0.392,4.7,10.4,15.1,6,1.6,1.4,2.7,6,12.8,122,111,0.6024096385542169,1.0990990990990992,SE
Jakob Poeltl,C,26,SAS,68,67,1970,10,16.1,0.618,0,0,1,10,16.1,0.618,2.3,4.6,0.495,6.4,9.1,15.4,4.6,1.1,2.9,2.7,5.2,22.3,123,110,0.6152063562127565,1.1181818181818182,SW
Aleksej Pokusevski,PF,20,OKC,61,12,1233,7.3,18,0.408,2.3,7.8,0.289,5.1,10.2,0.498,1.4,2,0.7,2.9,9.7,12.6,5.2,1.5,1.5,3.7,3.5,18.3,96,111,0.48463983050847464,0.8648648648648649,NW
Jordan Poole,SG,22,GSW,76,51,2283,10.1,22.6,0.448,4.5,12.4,0.364,5.6,10.2,0.55,5.3,5.7,0.925,0.7,4.8,5.6,6.5,1.3,0.5,4,4.4,30,112,110,0.5974191492751314,1.018181818181818,P
Kevin Porter Jr.,PG,21,HOU,61,61,1907,8.4,20.2,0.415,3.9,10.3,0.375,4.5,9.9,0.456,3.1,4.8,0.642,1.1,5.6,6.7,9.4,1.7,0.5,4.8,3.9,23.7,103,117,0.5311043384725709,0.8803418803418803,SW
Otto Porter Jr.,PF,28,GSW,63,15,1396,6.7,14.5,0.464,2.8,7.5,0.37,3.9,7,0.565,1.7,2.1,0.803,3,9.6,12.6,3.3,2.4,1,1.3,2.9,18,121,104,0.5835062240663901,1.1634615384615385,P
Bobby Portis,C,26,MIL,72,59,2028,9.9,20.6,0.479,3.1,8,0.393,6.7,12.6,0.533,2,2.7,0.752,4.3,11.3,15.6,2,1.3,1.2,2.1,4.1,24.9,115,110,0.5714154580503029,1.0454545454545454,C
Kristaps Porziņģis,PF,26,TOT,51,51,1481,11.9,25.9,0.459,2.6,8.5,0.31,9.3,17.4,0.532,8.4,9.7,0.867,3.4,10.4,13.9,4,1.3,2.8,2.7,4.6,34.8,116,107,0.5767700875099443,1.0841121495327102,NA
Dwight Powell,C,30,DAL,82,71,1798,7.5,11.2,0.671,0.4,1,0.351,7.2,10.2,0.703,4.6,5.9,0.783,4.8,6.5,11.3,2.7,1,1.1,1.8,6.2,20.1,142,110,0.7284720208756162,1.290909090909091,SW
Norman Powell,SF-SG,28,TOT,45,41,1458,9.4,20.3,0.461,3.6,8.5,0.419,5.8,11.8,0.491,6.3,7.8,0.811,0.7,4.2,4.9,3.2,1.4,0.7,2.3,3.6,28.6,116,119,0.6025619416821171,0.9747899159663865,NA
Joshua Primo,SF,19,SAS,50,16,965,5,13.4,0.374,2.1,6.8,0.307,2.9,6.6,0.444,2.2,2.9,0.746,1.6,4,5.6,4,1,1.1,2.8,3.9,14.3,96,115,0.48718997001907877,0.8347826086956521,SW
Taurean Prince,PF,27,MIN,69,8,1177,7.2,15.8,0.454,3.5,9.3,0.376,3.7,6.5,0.565,2.5,3.3,0.756,1.1,6,7,2.7,1.9,0.9,2.1,4.7,20.3,112,112,0.5883375840482262,1,NW
Payton Pritchard,PG,24,BOS,71,2,1001,7.9,18.5,0.429,5,12.2,0.412,2.9,6.4,0.461,1,1,1,1.6,5.1,6.7,6.9,1.2,0.3,2,3,21.9,120,110,0.5781414994720169,1.0909090909090908,A
Immanuel Quickley,PG,22,NYK,78,3,1802,7.9,20.1,0.392,3.8,11,0.346,4.1,9.1,0.448,4.9,5.6,0.881,0.9,6,6.9,7.6,1.5,0.1,2.7,4.6,24.5,114,112,0.5429001950008864,1.0178571428571428,A
Julius Randle,PF,27,NYK,72,72,2544,10.1,24.5,0.411,2.4,7.7,0.308,7.7,16.8,0.458,6,7.9,0.756,2.5,11.6,14.1,7.3,1,0.8,4.8,4,28.5,102,109,0.5093651701458393,0.9357798165137615,A
Austin Reaves,SG,23,LAL,61,19,1418,4.9,10.7,0.459,1.8,5.6,0.317,3.1,5.1,0.616,3.3,4,0.839,1.5,5,6.5,3.7,1,0.7,1.4,2.9,15,123,116,0.6019261637239166,1.0603448275862069,P
Cam Reddish,SF,22,TOT,49,7,1012,8,19.9,0.404,3.2,9,0.359,4.8,10.9,0.442,4.9,5.5,0.902,1.2,3.9,5.1,2.3,2.3,0.7,2.8,2.9,24.2,105,114,0.5421146953405017,0.9210526315789473,NA
Davon Reed,SG,26,DEN,48,5,668,5.9,11.8,0.503,2.7,6.3,0.43,3.2,5.5,0.587,0.7,1.1,0.667,1,6.9,7.9,3.9,1.8,0.7,1.2,4.6,15.3,123,112,0.6227613155323999,1.0982142857142858,NW
Naz Reid,C,22,MIN,77,6,1215,9.1,18.6,0.489,2.2,6.5,0.343,6.9,12.1,0.568,4.5,5.8,0.765,4,7.8,11.8,2.8,1.6,2.8,3.2,6.7,24.9,113,109,0.5885968229954613,1.036697247706422,NW
Nick Richards,C,24,CHO,50,5,367,7.8,11.8,0.667,0,0,NA,7.8,11.8,0.667,3.9,5.6,0.698,4.4,6.8,11.2,1.7,1.2,2.7,3.1,6.7,19.6,122,113,0.6870443073471677,1.079646017699115,SE
Josh Richardson,SG,28,TOT,65,7,1600,7.2,16.4,0.438,3.1,7.6,0.415,4.1,8.8,0.458,2.9,3.3,0.889,1.3,4.4,5.7,3.5,1.7,0.9,2,3.6,20.4,113,110,0.5713645529912615,1.0272727272727273,NA
Josh Richardson,SG,28,BOS,44,0,1087,6.9,15.7,0.443,2.8,7.1,0.397,4.1,8.5,0.481,2.8,3.2,0.859,1.2,4.5,5.7,3,1.6,1.1,1.8,3.7,19.5,113,109,0.5699088145896657,1.036697247706422,A
Austin Rivers,SG,29,DEN,67,18,1480,4.8,11.6,0.417,2.6,7.7,0.342,2.2,3.9,0.563,1.1,1.5,0.727,0.6,3.1,3.8,3,1.7,0.2,1.8,4,13.4,104,115,0.5464926590538336,0.9043478260869565,NW
Duncan Robinson,SG,27,MIA,79,68,2043,7.1,17.8,0.399,5.7,15.3,0.372,1.4,2.5,0.569,1.2,1.5,0.836,0.6,4.4,5,3.2,1,0.3,1.5,4.9,21.1,113,112,0.5715059588299025,1.0089285714285714,SE
Mitchell Robinson,C,23,NYK,72,62,1848,7.1,9.3,0.761,0,0,NA,7.1,9.3,0.761,2.4,4.9,0.486,8,8.7,16.7,1,1.6,3.6,1.6,5.3,16.5,143,106,0.7201466480446926,1.349056603773585,A
Jeremiah Robinson-Earl,C,21,OKC,49,36,1087,6,14.5,0.414,2.6,7.4,0.352,3.4,7.1,0.478,1.8,2.4,0.741,3.4,8.9,12.3,2.2,1.3,0.7,1.7,3.4,16.4,108,113,0.5271277963486757,0.9557522123893806,NW
Isaiah Roby,PF,23,OKC,45,28,948,8.5,16.6,0.514,2.3,5.1,0.444,6.3,11.5,0.545,4,6,0.672,3.9,7.3,11.1,3.6,1.8,1.7,2.2,5.6,23.3,120,111,0.6055093555093555,1.0810810810810811,NW
Terrence Ross,SG,30,ORL,63,0,1448,7.3,18.5,0.397,2.6,8.8,0.292,4.8,9.7,0.493,3.7,4.3,0.862,0.7,4.7,5.4,3.9,0.9,0.4,2.5,2.3,21,100,116,0.5149078069831307,0.8620689655172413,SE
Terry Rozier,SG,27,CHO,73,73,2458,10.1,22.8,0.444,4.3,11.6,0.374,5.8,11.2,0.516,2.9,3.4,0.852,1.1,5.1,6.1,6.4,1.8,0.5,1.9,2.3,27.5,117,115,0.5659367797168259,1.017391304347826,SE
D'Angelo Russell,PG,25,MIN,65,65,2077,9.2,22.3,0.411,4,11.9,0.34,5.2,10.5,0.492,4.5,5.5,0.825,0.6,4.4,4.9,10.5,1.4,0.5,3.8,3,26.9,112,115,0.544093851132686,0.9739130434782609,NW
Domantas Sabonis,PF,25,TOT,62,61,2136,10.1,17.6,0.573,0.9,2.9,0.312,9.2,14.8,0.623,5.6,7.6,0.741,4.6,12.6,17.2,7.4,1.3,0.6,4.5,4.6,26.7,121,113,0.6374140565317035,1.0707964601769913,NA
Domantas Sabonis,PF,25,IND,47,46,1632,9.9,17.1,0.58,1.1,3.2,0.324,8.9,13.9,0.639,5.7,7.7,0.74,4.7,12.4,17,7.1,1.4,0.7,4.3,4.4,26.6,123,114,0.6491604841858649,1.0789473684210527,C
Tomáš Satoranský,SG-PG-SF,30,TOT,55,13,906,3.9,10.4,0.377,0.6,2.9,0.208,3.3,7.5,0.442,2.3,2.9,0.796,1.5,5.4,6.9,10,1.6,0.3,2.5,3.9,10.8,109,115,0.4624871531346352,0.9478260869565217,NA
Dennis Schröder,SG-PG,28,TOT,64,29,1837,8.4,19.4,0.431,2.3,6.7,0.344,6.1,12.7,0.477,4.2,4.9,0.853,0.9,4.8,5.7,7.9,1.4,0.2,3.8,4.1,23.2,107,112,0.5381332343663018,0.9553571428571429,NA
Dennis Schröder,SG,28,BOS,49,25,1433,8.9,20.3,0.44,2.3,6.7,0.349,6.6,13.6,0.485,4.3,5,0.848,1,4.7,5.7,7.2,1.4,0.2,3.6,4,24.4,108,110,0.5422222222222222,0.9818181818181818,A
Alperen Şengün,C,19,HOU,72,13,1489,8,16.8,0.474,0.9,3.7,0.248,7,13,0.539,5.3,7.4,0.711,4.4,8.2,12.6,5.9,1.9,2.2,4.6,6.8,22.1,107,113,0.550957319505385,0.9469026548672567,SW
Landry Shamet,SG,24,PHO,69,14,1437,6.4,16.2,0.394,4.1,11.2,0.368,2.3,5.1,0.45,2.3,2.7,0.84,0.5,3.7,4.2,3.6,0.9,0.3,1.4,3.1,19.2,111,112,0.5521048999309869,0.9910714285714286,NA
Pascal Siakam,PF,27,TOR,68,68,2578,11.6,23.4,0.494,1.5,4.2,0.344,10.1,19.2,0.527,5.5,7.3,0.749,2.5,8.8,11.2,7,1.6,0.8,3.5,4.4,30.1,116,110,0.5655343454080867,1.0545454545454545,A
Anfernee Simons,SG,22,POR,57,30,1681,10.3,23.2,0.443,5.2,12.8,0.405,5.1,10.3,0.49,3,3.4,0.888,0.8,3.6,4.4,6.4,0.9,0.2,3.3,3.2,28.7,112,121,0.5810657596371882,0.9256198347107438,NW
Marcus Smart,PG,27,BOS,71,71,2296,6.5,15.5,0.418,2.6,7.8,0.331,3.9,7.7,0.506,3.1,3.9,0.793,0.9,4.9,5.8,9,2.6,0.4,3.4,3.5,18.6,110,107,0.5401951672862454,1.02803738317757,A
Ish Smith,PG,33,TOT,65,1,1126,8,18.6,0.43,1.1,2.9,0.373,6.9,15.7,0.441,0.6,1,0.625,1.1,5,6.1,10.6,2,1,3.4,3.4,17.8,101,114,0.4674369747899159,0.8859649122807017,NA
Jalen Smith,PF,21,TOT,51,8,925,9.3,18.4,0.503,2.1,6.4,0.328,7.1,12,0.596,4.1,5.4,0.765,5.3,10.8,16.1,1.3,0.8,2.2,2.2,5,24.7,119,111,0.5944358875625722,1.072072072072072,NA
Tony Snell,SG,30,TOT,53,12,823,4.1,10.2,0.404,2.7,7.6,0.352,1.4,2.6,0.558,0.2,0.2,1,1,5.2,6.1,1.7,1,0.5,1.1,4.2,11.1,106,119,0.5394634525660965,0.8907563025210085,NA
Lance Stephenson,PG-SG,31,TOT,46,1,814,8.8,19.4,0.455,1.6,5.4,0.3,7.2,14,0.515,3.8,4.8,0.788,0.7,6.9,7.6,9.9,1.4,0.2,4.3,5.8,23.1,107,117,0.5369096318333954,0.9145299145299145,NA
Lamar Stevens,PF,24,CLE,63,13,1015,7.7,15.7,0.489,0.9,3.2,0.277,6.8,12.5,0.543,2.6,3.7,0.707,2.3,5.8,8.1,2.2,1.5,0.9,2,5.2,18.8,107,110,0.5424746075715605,0.9727272727272728,C
Isaiah Stewart,C,20,DET,71,71,1816,6.7,13.2,0.51,0.4,1.2,0.326,6.3,11.9,0.529,2,2.8,0.718,6.1,10.5,16.6,2.2,0.6,2.1,2.3,5.7,15.8,113,112,0.5473946784922396,1.0089285714285714,C
Max Strus,SF,25,MIA,68,16,1587,7.8,17.8,0.441,5.7,13.9,0.41,2.1,3.8,0.557,1.3,1.7,0.792,0.8,5.6,6.4,2.9,0.9,0.5,1.8,3.7,22.7,116,112,0.6119258141039464,1.0357142857142858,SE
Jalen Suggs,PG,20,ORL,48,45,1307,7.3,20.3,0.361,1.6,7.3,0.214,5.8,13,0.443,4.7,6,0.773,1,5.4,6.3,7.7,2.2,0.7,5.3,5.3,20.9,88,112,0.4555361813426329,0.7857142857142857,SE
Jae'Sean Tate,PF,26,HOU,78,77,2056,8.4,16.9,0.498,1.5,4.7,0.312,6.9,12.2,0.569,3,4.3,0.707,3.1,6.6,9.7,5.1,1.7,0.9,3.2,6.6,21.3,111,116,0.5667305236270754,0.9568965517241379,SW
Jayson Tatum,SF,23,BOS,76,76,2731,12.9,28.5,0.453,4.2,11.8,0.353,8.7,16.6,0.524,7.3,8.5,0.853,1.5,9.5,11.1,6.1,1.4,0.9,3.9,3.2,37.2,113,106,0.576923076923077,1.0660377358490567,A
Garrett Temple,SG,35,NOP,59,16,1098,5,13.3,0.376,2.7,8.3,0.319,2.3,4.9,0.473,1.3,1.8,0.683,1.3,5.1,6.4,3.3,1.9,1,1.9,3.6,13.9,101,113,0.49318762418393414,0.8938053097345132,SW
Daniel Theis,C,29,TOT,47,27,977,7.5,14.4,0.519,1.6,5.3,0.308,5.8,9.1,0.641,2.4,3.6,0.681,2.9,8.4,11.3,2,1,1.5,2.3,5.5,19,113,112,0.5943443443443444,1.0089285714285714,NA
Cam Thomas,SG,20,BRK,67,2,1176,9,20.7,0.433,1.9,7.2,0.27,7,13.6,0.52,3.6,4.3,0.829,0.7,6,6.6,3.2,1.4,0.3,2.3,2.7,23.5,103,115,0.5200956090651558,0.8956521739130435,A
Tristan Thompson,PF,30,TOT,57,6,897,7.6,14.4,0.528,0.1,0.2,0.333,7.6,14.3,0.53,3.3,6.3,0.526,6.5,9.1,15.6,1.8,1.2,1.1,2.4,5.3,18.6,112,114,0.5415793151642209,0.9824561403508771,NA
Matisse Thybulle,SG,24,PHI,66,50,1685,4.4,8.9,0.5,1.3,4.3,0.313,3.1,4.6,0.673,1,1.3,0.791,1.2,3.2,4.5,2.2,3.4,2.1,1.2,4.7,11.2,116,108,0.5912162162162161,1.0740740740740742,A
Xavier Tillman Sr.,PF,23,MEM,53,2,701,6.7,14.7,0.454,0.7,3.3,0.204,6,11.4,0.527,3.1,4.8,0.648,4.5,6.5,11,4.2,3.3,1,2.3,4.3,17.2,112,107,0.5115393766357365,1.0467289719626167,SW
Obi Toppin,PF,23,NYK,72,10,1230,10.2,19.2,0.531,2.1,6.9,0.308,8.1,12.4,0.655,3.8,5,0.758,2.8,8.1,10.9,3.1,1,1.3,2.3,4.1,26.4,120,111,0.616822429906542,1.0810810810810811,A
Juan Toscano-Anderson,SF,28,GSW,73,6,994,5.6,11.5,0.489,1.4,4.3,0.322,4.3,7.3,0.588,2,3.4,0.571,1.4,7.3,8.6,6.2,2.4,0.8,3.3,5.6,14.6,106,106,0.5617112957833179,1,P
Karl-Anthony Towns,C,26,MIN,74,74,2476,12.3,23.3,0.529,2.9,7,0.41,9.5,16.3,0.58,7.4,9,0.822,3.7,10.2,14,5.2,1.4,1.6,4.3,5.1,34.9,121,110,0.64013206162876,1.1,NW
Gary Trent Jr.,SG,23,TOR,70,69,2448,9.2,22.2,0.414,4.3,11.1,0.383,4.9,11,0.445,3.6,4.2,0.853,0.5,3.4,3.9,2.9,2.5,0.4,1.5,2.9,26.2,114,112,0.5447438456420493,1.0178571428571428,A
P.J. Tucker,PF,36,MIA,71,70,1981,5.2,10.8,0.484,2,4.9,0.415,3.2,5.9,0.54,1.1,1.5,0.738,2.5,7.2,9.8,3.8,1.5,0.4,1.7,4.1,13.6,120,110,0.5933682373472948,1.0909090909090908,SE
Myles Turner,C,25,IND,42,42,1235,7.9,15.6,0.509,2.4,7.3,0.333,5.5,8.3,0.662,3.1,4.2,0.752,2.6,9.2,11.8,1.7,1.1,4.7,2.1,4.7,21.4,117,111,0.6132508023842274,1.054054054054054,C
Jonas Valančiūnas,C,29,NOP,74,74,2240,11.2,20.7,0.544,1.3,3.5,0.361,10,17.2,0.581,5.2,6.4,0.82,5,13.6,18.6,4.2,0.9,1.3,3.9,5.4,29,118,111,0.6166014628338153,1.063063063063063,SW
Jarred Vanderbilt,PF,22,MIN,74,67,1880,5.4,9.1,0.587,0.1,0.4,0.143,5.3,8.8,0.605,2.2,3.3,0.656,5.4,10.3,15.8,2.4,2.5,1.2,1.8,4.6,13,127,108,0.6159969673995451,1.1759259259259258,NW
Fred VanVleet,PG,27,TOR,65,65,2462,9,22.3,0.403,4.9,13,0.377,4.1,9.2,0.44,3.9,4.5,0.874,0.9,5,5.9,8.8,2.3,0.7,3.5,3.3,26.8,115,111,0.5518945634266886,1.0360360360360361,A
Devin Vassell,SF,21,SAS,71,32,1937,8.1,18.9,0.427,3.4,9.4,0.361,4.7,9.5,0.492,2.1,2.5,0.838,1.1,6.5,7.6,3.4,1.9,1,1.4,3.5,21.6,109,112,0.54,0.9732142857142857,SW
Gabe Vincent,PG,25,MIA,68,27,1589,6.7,16.2,0.417,3.7,10.2,0.368,3,6,0.5,1.4,1.7,0.815,0.7,3.3,4,6.6,2,0.4,3.1,5,18.6,107,111,0.5487373141373614,0.963963963963964,SE
Nikola Vučević,C,31,CHI,73,73,2418,11,23.3,0.473,2.1,6.7,0.314,8.9,16.6,0.537,1.9,2.4,0.76,2.9,13.4,16.2,4.8,1.4,1.4,2.7,3.7,26,107,110,0.5337493841353259,0.9727272727272728,C
Dean Wade,PF,25,CLE,51,28,980,5,11.1,0.456,2.6,7.2,0.359,2.4,3.8,0.64,1,1.5,0.667,1.6,6.1,7.6,2.6,1.5,0.4,0.8,4.5,13.7,122,111,0.5824829931972789,1.0990990990990992,C
Franz Wagner,SF,20,ORL,79,79,2429,9.1,19.4,0.468,1.9,5.4,0.354,7.2,14,0.511,3.8,4.4,0.863,1.7,5.4,7.1,4.6,1.4,0.7,2.4,3.3,23.8,110,114,0.557742782152231,0.9649122807017544,SE
Moritz Wagner,C,24,ORL,63,3,960,9.9,20,0.497,3.3,10.1,0.328,6.6,9.8,0.672,5.2,6.5,0.806,2.1,9.6,11.7,4.4,1,0.7,2.8,6.2,28.4,118,112,0.621172353455818,1.0535714285714286,SE
Ish Wainright,PF,27,PHO,45,0,359,5.5,13.9,0.394,2.5,7.9,0.322,2.9,6,0.489,0.9,1.6,0.583,3.6,3.6,7.2,2,2.7,0.8,1.7,6.6,14.5,104,107,0.4964393316899479,0.9719626168224299,NA
Lonnie Walker IV,SG,23,SAS,70,6,1612,9.3,22.7,0.407,3.3,10.5,0.314,6,12.2,0.487,3.5,4.4,0.784,0.5,4.9,5.4,4.5,1.3,0.6,2.1,2.9,25.3,103,115,0.5134762136710506,0.8956521739130435,SW
Duane Washington Jr.,PG,21,IND,48,7,968,8.8,21.6,0.405,4.1,10.9,0.377,4.7,10.7,0.434,2.3,3.1,0.754,0.2,4,4.2,4.3,1.3,0.2,2.9,3.3,23.9,101,119,0.5203797247866224,0.8487394957983193,C
P.J. Washington,C,23,CHO,65,28,1768,6.8,14.4,0.47,3,8.2,0.365,3.8,6.3,0.606,1.6,2.2,0.716,2.2,6.9,9.1,4,1.5,1.7,2.2,4.1,18.1,114,113,0.5888859968766268,1.008849557522124,SE
Trendon Watford,SF,21,POR,48,10,869,8,15,0.532,0.5,2.1,0.237,7.5,12.9,0.581,4,5.3,0.755,3.2,8,11.2,4.6,1.4,1.6,2.5,6.5,20.5,118,116,0.5913916455111932,1.0172413793103448,NW
Russell Westbrook,PG,33,LAL,78,78,2678,9.8,22.1,0.444,1.4,4.7,0.298,8.4,17.3,0.485,4.8,7.1,0.667,2,8.4,10.4,9.8,1.3,0.4,5.3,4.2,25.8,102,114,0.5114176974310181,0.8947368421052632,P
Coby White,PG,21,CHI,61,17,1675,8.1,18.8,0.433,4,10.3,0.385,4.2,8.5,0.491,2.3,2.7,0.857,0.5,4.8,5.3,5.1,0.8,0.3,2,4,22.5,111,117,0.562837702621573,0.9487179487179487,C
Derrick White,SG,27,TOT,75,52,2199,7.4,17.7,0.421,2.5,8.1,0.312,4.9,9.5,0.515,4.5,5.2,0.864,0.8,4.9,5.8,8.1,1.4,1.3,2.6,3.8,21.9,114,112,0.5478286972183309,1.0178571428571428,NA
Derrick White,SG,27,SAS,49,48,1486,7.8,18.4,0.426,2.6,8.3,0.314,5.2,10.1,0.519,4.5,5.2,0.869,0.8,4.8,5.6,8.8,1.6,1.4,2.8,3.7,22.8,114,113,0.5510440835266822,1.008849557522124,SW
Hassan Whiteside,C,32,UTA,65,8,1162,9.1,14,0.652,0,0,NA,9.1,14,0.652,4.4,7.1,0.623,7.1,14,21,1.1,0.9,4.4,2.3,7.6,22.7,132,104,0.6628124270030367,1.2692307692307692,NW
Aaron Wiggins,SG,23,OKC,50,35,1209,6.3,13.6,0.463,1.7,5.6,0.304,4.6,8,0.573,2.5,3.4,0.729,2.1,5.1,7.2,2.7,1.2,0.4,2.2,3.7,16.8,107,116,0.5564387917329094,0.9224137931034483,NW
Andrew Wiggins,SF,26,GSW,73,73,2329,9.9,21.3,0.466,3.3,8.4,0.393,6.7,13,0.513,3.1,4.9,0.634,1.8,5,6.8,3.4,1.6,1.1,2.3,3.3,26.3,109,109,0.5606241473396999,1,P
Grant Williams,PF,23,BOS,77,21,1875,5.4,11.4,0.475,2.8,6.8,0.411,2.6,4.6,0.569,2.3,2.5,0.905,1.7,5.6,7.3,2.1,1,1.5,1.6,4.9,16,122,109,0.64,1.1192660550458715,A
Kenrich Williams,SF,27,OKC,49,0,1072,6.6,14.4,0.461,1.9,5.5,0.339,4.8,8.9,0.536,1.4,2.5,0.545,3.4,6.6,10,4.9,2,0.5,2.1,3.7,16.5,111,113,0.532258064516129,0.9823008849557522,NW
Lou Williams,PG,35,ATL,56,0,799,7.7,19.7,0.391,2.3,6.3,0.363,5.4,13.4,0.404,4.1,4.8,0.859,1,4.4,5.4,6.5,1.7,0.2,2.6,3,21.8,105,117,0.49972492206125074,0.8974358974358975,SE
Robert Williams,C,24,BOS,61,61,1804,7.5,10.1,0.736,0,0,0,7.5,10.1,0.738,1.8,2.5,0.722,6.6,9.6,16.2,3.3,1.5,3.7,1.7,3.8,16.7,148,102,0.7455357142857143,1.4509803921568627,A
Ziaire Williams,SF,20,MEM,62,31,1346,6.8,15.1,0.45,2.7,8.6,0.314,4.1,6.5,0.632,1.5,2,0.782,0.9,3.7,4.6,2.3,1.2,0.4,1.5,4,17.8,113,114,0.5569461827284106,0.9912280701754386,SW
Dylan Windler,SF,25,CLE,50,0,459,4,10.7,0.378,2.3,7.6,0.3,1.7,3,0.571,1.6,2,0.833,2.3,7.4,9.7,3.7,1.5,0.3,1.7,5.1,12,110,110,0.5181347150259067,1,C
Justise Winslow,PF,25,TOT,48,11,774,7,16.2,0.428,0.9,4.2,0.227,6,12.1,0.497,2.5,4.2,0.591,3.2,9.6,12.8,5.3,2.2,1.6,3.1,4.2,17.3,100,109,0.4792774822695036,0.9174311926605505,NA
Christian Wood,C,26,HOU,68,67,2094,10,20,0.501,3,7.6,0.39,7,12.3,0.57,4.7,7.5,0.623,2.5,13.1,15.6,3.5,1.2,1.5,2.9,3.9,27.7,114,113,0.5944206008583691,1.008849557522124,SW
Delon Wright,SG,29,ATL,77,8,1452,4.1,9.1,0.454,1.5,3.9,0.379,2.6,5.2,0.51,1.8,2.1,0.857,1.7,5.8,7.4,6.4,3.1,0.6,1.5,1.9,11.6,126,112,0.578611332801277,1.125,SE
Thaddeus Young,PF,33,TOT,52,1,845,8.2,15.8,0.518,1,2.8,0.354,7.2,13,0.554,1.3,2.8,0.469,4.6,7.4,12.1,6,3.1,1,3,4.7,18.7,113,108,0.5489666510098637,1.0462962962962963,NA
Trae Young,PG,23,ATL,76,76,2652,13.2,28.6,0.46,4.3,11.3,0.382,8.9,17.3,0.512,9.3,10.2,0.904,0.9,4.3,5.3,13.7,1.3,0.1,5.6,2.4,39.9,119,118,0.6029376208897486,1.0084745762711864,SE
Omer Yurtseven,C,23,MIA,56,12,706,9.2,17.5,0.526,0.1,0.8,0.091,9.1,16.7,0.547,2.7,4.3,0.623,6,14.8,20.8,3.5,1.2,1.4,2.9,6,21.2,112,104,0.5466171617161716,1.0769230769230769,SE
Ivica Zubac,C,24,LAC,76,76,1852,8.2,13.1,0.626,0,0,NA,8.2,13.1,0.626,4.4,6,0.727,5.7,11.3,17,3.2,1,2,3,5.4,20.8,126,107,0.6607369758576874,1.1775700934579438,P
