"","player","pos","age","tm","g","gs","mp","fg","fga","fgpercent","x3p","x3pa","x3ppercent","x2p","x2pa","x2ppercent","ft","fta","ftpercent","orb","drb","trb","ast","stl","blk","tov","pf","pts","ortg","drtg","ts","od","div"
"1","Precious Achiuwa","C",22,"TOR",73,28,1725,7.7,17.5,0.439,1.6,4.5,0.359,6.1,13,0.468,2.3,3.8,0.595,4.2,9.5,13.7,2.4,1.1,1.2,2.4,4.4,19.2,105,110,0.500730231587732,0.954545454545455,"A"
"2","Steven Adams","C",28,"MEM",76,75,1999,5,9.2,0.547,0,0,0,5,9.2,0.548,2.6,4.8,0.543,8.4,9.8,18.2,6.1,1.6,1.4,2.8,3.7,12.6,125,108,0.556930693069307,1.15740740740741,"SW"
"3","Bam Adebayo","C",24,"MIA",56,56,1825,11.1,20,0.557,0,0.2,0,11.1,19.8,0.562,7,9.3,0.753,3.8,11.7,15.5,5.2,2.2,1.2,4.1,4.7,29.3,117,104,0.60808567159223,1.125,"SE"
"4","LaMarcus Aldridge","C",36,"BRK",47,12,1050,11.6,21.1,0.55,0.6,2.1,0.304,11,19,0.578,4.1,4.7,0.873,3.4,8.5,11.9,1.9,0.6,2.2,2,3.6,28,119,112,0.604281767955801,1.0625,"A"
"5","Nickeil Alexander-Walker","SG",23,"TOT",65,21,1466,8.5,22.9,0.372,3.5,11.4,0.311,5,11.5,0.433,2.7,3.7,0.743,1.2,5.1,6.3,5.3,1.5,0.8,3.1,3.5,23.3,98,114,0.47496738421396,0.859649122807018,NA
"6","Grayson Allen","SG",26,"MIL",66,61,1805,6.8,15.1,0.448,4.2,10.4,0.409,2.6,4.8,0.533,1.7,2,0.865,0.9,5.1,5.9,2.7,1.2,0.5,1.1,2.6,19.5,122,114,0.610137672090113,1.07017543859649,"C"
"7","Jarrett Allen","C",23,"CLE",56,56,1809,10.2,15,0.677,0,0.3,0.1,10.2,14.8,0.688,4.6,6.4,0.708,5.3,11.3,16.6,2.5,1.2,2.1,2.6,2.7,25,132,106,0.701616524472384,1.24528301886792,"C"
"8","Jose Alvarado","PG",23,"NOP",54,1,834,7.8,17.4,0.446,1.9,6.5,0.291,5.9,10.9,0.538,2.1,3.1,0.679,1.5,4.4,5.9,9,4.2,0.4,2.4,4.3,19.5,114,109,0.51961202302281,1.04587155963303,"SW"
"9","Kyle Anderson","PF",28,"MEM",69,11,1484,6.7,15.1,0.446,1.2,3.5,0.33,5.6,11.6,0.481,2.2,3.4,0.638,2.2,9.6,11.9,5.9,2.5,1.5,2.3,3.5,16.8,110,106,0.506146059291396,1.0377358490566,"SW"
"10","Giannis Antetokounmpo","PF",27,"MIL",67,67,2204,15,27.1,0.553,1.5,5.3,0.293,13.5,21.9,0.616,12.1,16.7,0.722,2.9,14,17,8.5,1.6,2,4.8,4.6,43.6,124,106,0.632837900603809,1.16981132075472,"C"
"11","Thanasis Antetokounmpo","SF",29,"MIL",48,6,473,7.1,13,0.547,0.2,1.4,0.143,6.9,11.6,0.596,2.9,4.7,0.63,4.1,6.2,10.3,2.2,1.6,1.2,2.6,6.9,17.4,113,112,0.577382532519246,1.00892857142857,"C"
"12","Carmelo Anthony","PF",37,"LAL",69,3,1793,8.5,19.3,0.441,4,10.6,0.375,4.5,8.7,0.521,3.5,4.3,0.83,1.7,6,7.7,1.8,1.3,1.4,1.6,4.4,24.6,114,114,0.580407701019253,1,"P"
"13","Cole Anthony","PG",21,"ORL",65,65,2059,8.4,21.4,0.391,3.1,9.2,0.338,5.3,12.2,0.432,5.1,5.9,0.854,0.8,7.4,8.2,8.7,1.1,0.4,4,4,24.9,103,114,0.518836472745458,0.903508771929825,"SE"
"14","OG Anunoby","SF",24,"TOR",48,48,1728,8.9,20.2,0.443,3.3,9.2,0.363,5.6,11,0.511,2.6,3.4,0.754,2.1,5.5,7.6,3.6,2.1,0.7,2.3,3.8,23.8,112,111,0.548488200589971,1.00900900900901,"A"
"15","D.J. Augustin","PG",34,"TOT",55,2,883,5.1,12,0.423,3.7,8.9,0.415,1.4,3.1,0.448,2.1,2.3,0.884,0.6,3.1,3.7,5.8,0.9,0.1,3,2.1,15.9,112,120,0.610974485090686,0.933333333333333,NA
"16","Deni Avdija","SF",21,"WAS",82,8,1984,6.2,14.4,0.432,2,6.5,0.317,4.2,8,0.525,2.6,3.4,0.757,1.3,9.3,10.6,4.2,1.5,1.1,2.2,4.7,17.1,106,113,0.537871162556618,0.938053097345133,"SE"
"17","Deandre Ayton","C",23,"PHO",58,58,1713,12.4,19.6,0.634,0.2,0.5,0.368,12.2,19,0.642,3,4,0.746,4.2,12.5,16.7,2.4,1.1,1.1,2.6,4,28,124,105,0.655430711610487,1.18095238095238,NA
"18","Marvin Bagley III","PF",22,"TOT",48,25,1146,9.5,18.8,0.504,1,4.1,0.237,8.5,14.7,0.579,2.8,4.3,0.663,4.4,9.8,14.3,1.5,0.9,0.8,1.6,3.9,22.8,112,114,0.55093756040982,0.982456140350877,NA
"19","LaMelo Ball","PG",20,"CHO",75,75,2422,10.7,24.8,0.429,4.4,11.2,0.389,6.3,13.7,0.462,4.2,4.8,0.872,2.1,7.8,9.9,11.3,2.4,0.6,4.9,4.7,29.9,111,112,0.555514268727705,0.991071428571429,"SE"
"20","Mo Bamba","C",23,"ORL",71,69,1824,7.8,16.4,0.48,2.8,7.5,0.381,5,8.9,0.563,1.5,1.9,0.781,3.9,11.2,15.2,2.3,1,3.1,2,4.8,20,113,108,0.580181016477141,1.0462962962963,"SE"
"21","Desmond Bane","SG",23,"MEM",76,76,2266,10.7,23.2,0.461,4.8,11,0.436,5.9,12.2,0.484,3,3.3,0.903,1,6.1,7.1,4.4,1.9,0.6,2.3,4.1,29.2,119,110,0.59224403699497,1.08181818181818,"SW"
"22","Dalano Banton","PG",22,"TOR",64,1,696,6,14.5,0.411,0.9,3.7,0.255,5,10.8,0.464,1.9,3.2,0.591,2.7,6.2,8.9,7.1,2,0.7,3.8,4.9,14.7,98,111,0.462031682172492,0.882882882882883,"A"
"23","Harrison Barnes","PF",29,"SAC",77,77,2587,7.3,15.5,0.469,2.6,6.7,0.394,4.6,8.8,0.525,6.3,7.7,0.826,1.5,6.5,8,3.5,1,0.3,2.2,1.7,23.5,121,118,0.622088098263448,1.02542372881356,"P"
"24","Scottie Barnes","PF",20,"TOR",74,74,2617,8.8,17.8,0.492,1.1,3.7,0.301,7.7,14.1,0.543,3,4.1,0.735,3.7,6.9,10.6,4.9,1.5,1.1,2.6,3.7,21.7,116,111,0.553458477861661,1.04504504504505,"A"
"25","RJ Barrett","SF",21,"NYK",70,70,2417,10.1,24.7,0.408,2.9,8.4,0.342,7.2,16.4,0.442,6,8.4,0.714,1.4,7.1,8.4,4.3,0.9,0.3,3.1,2.9,29,103,113,0.510635300746584,0.911504424778761,"A"
"26","Will Barton","SG",31,"DEN",71,71,2277,8.4,19.3,0.438,3.4,9.3,0.365,5.1,10,0.504,2.2,2.7,0.803,0.9,6.4,7.3,5.9,1.2,0.7,2.7,2.5,22.5,108,114,0.549101913315111,0.947368421052632,"NW"
"27","Keita Bates-Diop","SF",26,"SAS",59,14,956,6.8,13.2,0.517,0.9,2.8,0.309,6,10.4,0.572,2.3,3.1,0.754,3.1,8.5,11.6,2.1,1.4,0.7,2.3,3.1,16.8,111,112,0.576764625102994,0.991071428571429,"SW"
"28","Nicolas Batum","PF",33,"LAC",59,54,1462,6,13,0.463,3.6,9,0.4,2.4,3.9,0.607,0.8,1.3,0.658,1,7.5,8.5,3.4,1.9,1.4,1.3,2.7,16.5,118,109,0.607869142351901,1.08256880733945,"P"
"29","Darius Bazley","PF",21,"OKC",69,53,1924,6.9,16.4,0.422,2,6.8,0.297,4.9,9.6,0.511,3,4.3,0.688,1.8,9.2,11,2.5,1.5,1.8,2.3,1.7,18.9,101,111,0.516619287120052,0.90990990990991,"NW"
"30","Malik Beasley","SG",25,"MIN",79,18,1976,8,20.5,0.391,5.8,15.3,0.377,2.2,5.1,0.432,1.2,1.4,0.817,0.6,4.8,5.5,2.8,1,0.3,1,2.1,22.9,111,116,0.542242849024436,0.956896551724138,"NW"
"31","DeAndre' Bembry","SF",27,"TOT",56,20,1026,5.9,10.4,0.561,0.7,1.7,0.417,5.1,8.7,0.589,1,1.7,0.6,2,5.7,7.7,3.1,2.3,1.2,1.5,5.3,13.4,119,112,0.601004664513814,1.0625,NA
"32","Dāvis Bertāns","PF",29,"TOT",56,0,807,6.1,17,0.36,4.8,14.2,0.335,1.4,2.8,0.489,2.2,2.5,0.9,0.7,6.5,7.2,1.9,1,0.7,1.2,5.2,19.2,106,114,0.530386740331492,0.929824561403509,NA
"33","Patrick Beverley","PG",33,"MIN",58,54,1476,5.7,14.1,0.406,2.7,7.8,0.343,3,6.3,0.485,3.1,4.3,0.722,2,5.7,7.7,8.6,2.2,1.7,2.4,5.6,17.2,119,111,0.537768884442221,1.07207207207207,"NW"
"34","Saddiq Bey","SF",22,"DET",82,82,2704,8.1,20.5,0.396,3.8,11,0.346,4.3,9.5,0.454,3.8,4.6,0.827,1.9,6,8,4.2,1.3,0.3,1.7,2.3,23.8,110,116,0.528325341857574,0.948275862068966,"C"
"35","Khem Birch","C",29,"TOR",55,28,991,4.9,10.1,0.485,0,0.7,0,4.9,9.4,0.522,2.7,3.6,0.746,6.2,5.9,12.1,2.8,1.5,1.3,1.5,5.2,12.5,124,111,0.534919548099966,1.11711711711712,"A"
"36","Goga Bitadze","C",22,"IND",50,16,729,8.8,16.9,0.52,1.5,5.4,0.288,7.3,11.6,0.628,4.3,6.3,0.681,5.3,6.6,11.9,3.7,1.4,2.8,3.1,7.2,23.4,118,114,0.594753965026434,1.03508771929825,"C"
"37","Nemanja Bjelica","C",33,"GSW",71,0,1142,6.8,14.6,0.468,2.3,6.4,0.362,4.5,8.2,0.549,2.5,3.5,0.728,2.6,9.9,12.6,6.8,1.8,1.1,3.7,5.5,18.5,111,105,0.573110285006196,1.05714285714286,"P"
"38","Eric Bledsoe","PG",32,"LAC",54,29,1361,7.1,16.8,0.421,1.8,5.9,0.313,5.3,11,0.479,3.2,4.2,0.761,1,5.5,6.6,8.1,2.5,0.7,4.2,3.1,19.2,100,110,0.514800514800515,0.909090909090909,"P"
"39","Bogdan Bogdanović","SG",29,"ATL",63,27,1848,9.1,21.1,0.431,4.5,12.2,0.368,4.6,8.9,0.516,2.6,3.1,0.843,0.8,5.9,6.6,5.2,1.8,0.4,1.9,3.5,25.3,114,116,0.563123219373219,0.982758620689655,"SE"
"40","Bojan Bogdanović","PF",32,"UTA",69,69,2131,9.8,21.5,0.455,4.2,10.9,0.387,5.6,10.7,0.524,5.2,6,0.858,1.3,5.5,6.9,2.8,0.8,0,2.7,2.7,28.9,116,115,0.598591549295775,1.00869565217391,"NW"
"41","Devin Booker","SG",25,"PHO",68,68,2345,13.6,29.2,0.466,3.8,9.8,0.383,9.8,19.4,0.508,6.5,7.4,0.868,0.9,6.1,7,6.8,1.6,0.5,3.3,3.7,37.4,113,109,0.576164653684989,1.03669724770642,NA
"42","Brandon Boston Jr.","SG",20,"LAC",51,0,760,8.1,21,0.385,2.2,7.2,0.306,5.9,13.8,0.425,3.8,4.6,0.819,1.1,6.1,7.2,3.3,1.7,0.8,2,2.8,22.1,98,111,0.479933981931897,0.882882882882883,"P"
"43","Chris Boucher","SF",29,"TOR",80,9,1690,7.9,17.1,0.464,2,6.8,0.297,5.9,10.3,0.575,4.4,5.7,0.777,5.3,9.3,14.6,0.7,1.4,2.2,1.2,5.1,22.3,124,108,0.568645450836393,1.14814814814815,"A"
"44","Avery Bradley","SG",31,"LAL",62,45,1406,5,11.9,0.423,2.8,7.2,0.39,2.3,4.8,0.471,0.5,0.6,0.889,1.1,3.6,4.6,1.6,1.8,0.3,1.3,4,13.4,106,116,0.550805656034199,0.913793103448276,"P"
"45","Tony Bradley","C",24,"CHI",55,7,549,6.4,10.9,0.585,0,0,NA,6.4,10.9,0.585,1.7,2.6,0.655,6,10.6,16.5,2.4,0.9,2.9,3,5.5,14.5,115,110,0.601959481899701,1.04545454545455,"C"
"46","Ignas Brazdeikis","SF",23,"ORL",42,1,536,7.3,17,0.431,2.4,7.9,0.31,4.9,9.1,0.535,1.9,2.9,0.656,2.1,4.4,6.5,3.3,0.9,0.3,1.5,4.3,19,106,116,0.519807397680017,0.913793103448276,"SE"
"47","Mikal Bridges","SF",25,"PHO",82,82,2854,7.7,14.5,0.534,1.9,5.3,0.369,5.8,9.2,0.628,2.2,2.6,0.834,1.2,4.6,5.9,3.1,1.6,0.6,1.1,2.5,19.6,125,110,0.626438251086679,1.13636363636364,NA
"48","Miles Bridges","PF",23,"CHO",80,80,2837,10.1,20.5,0.491,2.6,7.9,0.331,7.5,12.7,0.59,4.5,5.6,0.802,1.5,7.9,9.5,5.1,1.3,1.1,2.5,3.3,27.3,117,114,0.594408639609824,1.02631578947368,"SE"
"49","Oshae Brissett","SF",23,"IND",67,25,1564,6.5,15.8,0.411,2.6,7.4,0.35,3.9,8.4,0.465,3.6,5.1,0.695,3.4,7.8,11.2,2.3,1.4,0.9,1.7,3.6,19.2,112,116,0.532032808689869,0.96551724137931,"C"
"50","Armoni Brooks","SG",23,"TOT",54,11,844,5.6,16.4,0.339,4.2,14.2,0.297,1.4,2.3,0.6,1,1.2,0.857,1.1,4.7,5.9,3.5,1.6,0.6,1.5,4.2,16.4,101,117,0.484404536862004,0.863247863247863,NA
"51","Bruce Brown","SF",25,"BRK",72,45,1774,7,13.8,0.506,1,2.6,0.404,6,11.3,0.529,2.7,3.5,0.758,2.7,6.7,9.4,4,2.1,1.4,1.5,4.8,17.7,121,111,0.576923076923077,1.09009009009009,"A"
"52","Greg Brown III","SF",20,"POR",48,6,640,6.2,14.5,0.426,1.5,4.7,0.311,4.7,9.8,0.481,3.4,5,0.677,2.9,7.4,10.3,2.7,2,1.8,2.7,6.9,17.2,102,114,0.514970059880239,0.894736842105263,"NW"
"53","Jaylen Brown","SF",25,"BOS",66,66,2220,12.9,27.2,0.473,3.7,10.4,0.358,9.2,16.9,0.544,5.4,7.1,0.758,1.2,7.9,9,5.2,1.6,0.4,4,3.6,34.9,109,108,0.575451787363145,1.00925925925926,"A"
"54","Sterling Brown","SG",26,"DAL",49,3,628,4.7,12.4,0.381,2.2,7.4,0.304,2.5,5,0.492,1.1,1.2,0.933,2.1,9.9,11.9,2.7,1.1,0.6,1.8,4.5,12.8,102,109,0.495049504950495,0.935779816513762,"SW"
"55","Troy Brown Jr.","SF",22,"CHI",66,7,1055,5,11.9,0.419,2.2,6.2,0.353,2.8,5.8,0.488,0.9,1.2,0.769,1.8,7.6,9.4,3.1,1.7,0.2,1.2,2.9,13.1,110,114,0.527035725780496,0.964912280701754,"C"
"56","Jalen Brunson","SG",25,"DAL",79,61,2524,10.1,20.1,0.502,1.9,5,0.373,8.2,15.1,0.545,3.6,4.2,0.84,0.9,5.3,6.2,7.5,1.3,0.1,2.5,3,25.6,118,112,0.583196646619282,1.05357142857143,"SW"
"57","Reggie Bullock","SF",30,"DAL",68,37,1902,5.3,13.3,0.401,3.7,10.4,0.36,1.6,2.9,0.55,1.1,1.3,0.833,0.9,5.5,6.4,2.2,1.1,0.4,1.1,2.9,15.4,111,112,0.555074971164937,0.991071428571429,"SW"
"58","Trey Burke","PG",29,"DAL",42,0,441,9.6,24.5,0.391,3,9.4,0.317,6.6,15.2,0.436,2.3,2.6,0.87,0.5,3.3,3.8,6.5,1.4,0,3,4.5,24.4,97,113,0.475744813601622,0.858407079646018,"SW"
"59","Alec Burks","SG",30,"NYK",81,44,2318,6.2,15.7,0.391,3.4,8.4,0.404,2.8,7.3,0.378,4.7,5.7,0.822,1,7.6,8.6,5.2,1.8,0.6,2,4.6,20.4,117,110,0.560193321616872,1.06363636363636,"A"
"60","Jimmy Butler","SF",32,"MIA",57,57,1931,10.3,21.5,0.48,0.7,3,0.233,9.6,18.5,0.52,10.3,11.8,0.87,2.6,6.1,8.7,8.1,2.4,0.7,3.1,2.3,31.6,124,108,0.591937659223737,1.14814814814815,"SE"
"61","Kentavious Caldwell-Pope","SG",28,"WAS",77,77,2329,7.7,17.6,0.435,3.4,8.7,0.39,4.3,8.9,0.48,2.9,3.3,0.89,0.9,4.7,5.5,3.1,1.8,0.6,2.1,3,21.6,109,116,0.566869619987403,0.939655172413793,"SE"
"62","Facundo Campazzo","PG",30,"DEN",65,4,1184,4.4,12.3,0.361,2.4,8,0.301,2,4.3,0.476,2.5,3.2,0.769,1,3.9,4.8,9.1,2.6,1,2.8,5.1,13.8,109,111,0.503355704697987,0.981981981981982,"NW"
"63","Clint Capela","C",27,"ATL",74,73,2042,8.9,14.5,0.613,0,0,0,8.9,14.5,0.614,1.9,4.1,0.473,6.7,14.4,21.1,2.2,1.3,2.2,1.1,4,19.7,132,109,0.604146221786065,1.21100917431193,"SE"
"64","Jevon Carter","PG",26,"TOT",66,3,905,5.2,13.5,0.387,3.5,9.1,0.388,1.7,4.4,0.386,0.8,1,0.833,0.7,5.1,5.9,5.1,1.3,0.7,1.8,3.6,14.8,110,114,0.530846484935438,0.964912280701754,NA
"65","Jevon Carter","PG",26,"BRK",46,1,552,5.1,15.3,0.333,3.7,11.2,0.331,1.4,4.1,0.34,0.6,0.9,0.7,0.8,5.1,5.9,4,1.2,0.9,2.3,4,14.5,94,115,0.461901121304791,0.817391304347826,"A"
"66","Wendell Carter Jr.","PF",22,"ORL",62,61,1852,9.4,17.9,0.525,1.8,5.6,0.327,7.5,12.3,0.615,3.7,5.4,0.691,3.6,13.3,16.9,4.5,0.9,1.1,3.1,4.4,24.3,115,110,0.599230617478793,1.04545454545455,"SE"
"67","Josh Christopher","SG",20,"HOU",74,2,1334,8,17.8,0.448,2,6.7,0.296,6,11.1,0.54,3,4,0.735,1.9,4.8,6.6,5.4,2.3,0.5,4.1,3.5,20.9,101,117,0.534253578732106,0.863247863247863,"SW"
"68","Brandon Clarke","PF",25,"MEM",64,1,1246,11.1,17.2,0.644,0.2,0.8,0.227,10.9,16.3,0.666,3.3,5,0.654,5.2,7.9,13.1,3.3,1.5,2.6,1.3,4.7,25.6,138,108,0.65979381443299,1.27777777777778,"SW"
"69","Jordan Clarkson","SG",29,"UTA",79,1,2141,10.8,25.7,0.419,4.4,13.8,0.318,6.4,11.9,0.535,3.3,4,0.828,1.5,4.8,6.3,4.5,1.5,0.4,3,3.4,29.2,108,113,0.531682447195921,0.955752212389381,"NW"
"70","Nic Claxton","C",22,"BRK",47,19,974,8.9,13.1,0.674,0,0,NA,8.9,13.1,0.674,2.7,4.6,0.581,4.5,8.6,13.1,2.1,1.2,2.5,1.9,5.5,20.4,130,111,0.674424755355726,1.17117117117117,"A"
"71","Amir Coffey","SG",24,"LAC",69,30,1567,6.6,14.6,0.453,3,7.9,0.378,3.6,6.6,0.542,3.2,3.7,0.863,0.8,5.3,6.2,3.9,1.2,0.5,1.4,2.7,19.4,120,113,0.597732314518117,1.06194690265487,"P"
"72","John Collins","PF",24,"ATL",54,53,1663,10,19,0.526,1.9,5.2,0.364,8.1,13.8,0.588,4,5,0.793,2.7,9.7,12.5,2.9,1,1.7,1.8,4.8,25.9,122,114,0.610849056603774,1.07017543859649,"SE"
"73","Mike Conley","PG",34,"UTA",72,72,2058,8.3,19,0.435,4.1,9.9,0.408,4.2,9.1,0.464,3.1,3.9,0.796,1.1,4.1,5.2,9.2,2.3,0.5,3,3.4,23.7,120,111,0.572021625796486,1.08108108108108,"NW"
"74","Pat Connaughton","SF",29,"MIL",65,19,1691,6.4,14.1,0.458,4.1,10.5,0.395,2.3,3.6,0.643,1.3,1.5,0.833,1.3,6.5,7.8,2.3,1.7,0.4,1,2.4,18.3,124,113,0.619918699186992,1.09734513274336,"C"
"75","DeMarcus Cousins","C",31,"TOT",48,7,718,10.1,21.9,0.46,2.5,8.3,0.303,7.6,13.7,0.554,6.4,8.5,0.76,5,13.3,18.3,4.8,2.4,1.4,5.8,9.4,29.1,105,106,0.567472698907956,0.990566037735849,NA
"76","Robert Covington","PF",31,"TOT",71,42,1940,5.3,12.6,0.42,3.2,8.5,0.378,2,4,0.509,1.5,1.7,0.841,1.5,8.4,9.9,2.3,2.6,2.3,1.9,4.8,15.2,108,110,0.569373688942164,0.981818181818182,NA
"77","Torrey Craig","SF",31,"TOT",78,16,1596,6.1,13.4,0.454,2.3,7.1,0.329,3.8,6.3,0.594,1.2,1.6,0.75,2.6,6.8,9.5,2.8,1.4,1.1,2,4.6,15.7,110,113,0.556579693703914,0.973451327433628,NA
"78","Jae Crowder","PF",31,"PHO",67,67,1886,5.5,13.9,0.399,3.2,9.3,0.348,2.3,4.6,0.503,1.8,2.3,0.789,0.8,8.3,9,3.2,2.4,0.8,1.4,4.4,16.1,109,105,0.539833690987125,1.03809523809524,NA
"79","Cade Cunningham","SG",20,"DET",64,64,2088,10,24.1,0.416,2.7,8.5,0.314,7.4,15.6,0.472,3.3,3.9,0.845,1.4,6.9,8.3,8.3,1.8,1,5.5,4.7,26,96,113,0.503563681437868,0.849557522123894,"C"
"80","Seth Curry","SG",31,"TOT",64,64,2135,8.3,17.1,0.487,3.7,8.7,0.422,4.7,8.5,0.553,1.9,2.2,0.872,0.5,4.1,4.6,5.3,1.2,0.3,2.5,3.4,22.3,115,115,0.617113128182422,1,NA
"81","Stephen Curry","PG",33,"GSW",64,64,2211,11.8,27,0.437,6.3,16.5,0.38,5.5,10.5,0.527,6.1,6.6,0.923,0.7,6.6,7.4,8.9,1.9,0.5,4.5,2.9,35.9,115,108,0.600254146602461,1.06481481481481,"P"
"82","Dewayne Dedmon","C",32,"MIA",67,15,1065,7.7,13.6,0.566,0.9,2.2,0.404,6.8,11.4,0.597,3.5,4.7,0.75,4.9,13.2,18.1,2.2,1.1,2,3.3,8.2,19.8,117,105,0.631861118202706,1.11428571428571,"SE"
"83","DeMar DeRozan","PF",32,"CHI",76,76,2743,13.8,27.3,0.504,0.9,2.5,0.352,12.9,24.8,0.52,9.3,10.6,0.877,1,6,7,6.7,1.2,0.4,3.2,3.2,37.7,117,115,0.589725941684395,1.01739130434783,"C"
"84","Hamidou Diallo","SG",23,"DET",58,29,1269,10,20.2,0.496,0.9,3.6,0.247,9.2,16.6,0.55,3.5,5.4,0.65,2.7,8,10.7,2.8,2.7,0.7,2.2,5.5,24.5,107,111,0.542611622962438,0.963963963963964,"C"
"85","Gorgui Dieng","C",32,"ATL",44,3,371,7,14.8,0.473,3.8,9,0.426,3.2,5.8,0.545,2.5,3.4,0.731,4.2,11.8,16,4.5,1.5,1.7,2.6,6.9,20.4,123,111,0.625920471281296,1.10810810810811,"SE"
"86","Spencer Dinwiddie","PG",28,"TOT",67,51,1980,7.7,18.5,0.416,2.8,8.3,0.339,4.9,10.2,0.479,4.9,6.3,0.774,1.1,5.9,7,8.7,1.1,0.3,2.6,3.8,23.1,114,115,0.542967280932682,0.991304347826087,NA
"87","Donte DiVincenzo","SG",25,"TOT",42,1,1006,5.6,16.1,0.351,3.5,10.4,0.339,2.1,5.6,0.373,3.3,4,0.843,1.9,6.2,8.1,5.6,2.3,0.4,3.4,3.3,18.2,102,113,0.509518477043673,0.902654867256637,NA
"88","Luka Dončić","PG",22,"DAL",65,65,2301,14,30.7,0.457,4.4,12.4,0.353,9.6,18.2,0.528,8,10.7,0.744,1.2,11.7,13,12.4,1.6,0.8,6.4,3.2,40.4,110,107,0.57049254405784,1.02803738317757,"SW"
"89","Luguentz Dort","SG",22,"OKC",51,51,1665,8.6,21.2,0.404,3.8,11.4,0.332,4.8,9.8,0.487,4.7,5.6,0.843,1.1,5.1,6.2,2.6,1.3,0.5,2.6,4.4,25.7,104,115,0.543018931710615,0.904347826086956,"NW"
"90","Ayo Dosunmu","SG",22,"CHI",77,40,2110,6.4,12.4,0.52,1.6,4.3,0.376,4.8,8.1,0.596,1.2,1.8,0.679,0.6,4.3,5,5.9,1.4,0.7,2.5,4.2,15.7,113,115,0.595057610673135,0.982608695652174,"C"
"91","Andre Drummond","C",28,"TOT",73,36,1437,8.5,14.9,0.57,0,0.1,0,8.5,14.8,0.574,3,5.6,0.524,7.9,15.5,23.4,4.5,2.7,2.3,3.9,6.6,19.9,114,102,0.573024648698456,1.11764705882353,NA
"92","Chris Duarte","SG",24,"IND",55,39,1541,8.5,19.7,0.432,3,8.1,0.369,5.5,11.6,0.475,2.9,3.6,0.804,1.3,5.9,7.2,3.6,1.8,0.3,2.9,3,22.9,104,117,0.537962788949446,0.888888888888889,"C"
"93","Kevin Durant","PF",33,"BRK",55,55,2047,13.7,26.4,0.518,2.7,7.1,0.383,11,19.3,0.568,8.8,9.7,0.91,0.7,9,9.6,8.3,1.1,1.2,4.5,2.7,38.9,121,112,0.634211556019303,1.08035714285714,"A"
"94","Anthony Edwards","SG",20,"MIN",72,72,2466,10.6,24,0.441,4.1,11.6,0.357,6.4,12.4,0.519,4.2,5.4,0.786,1.2,5.4,6.6,5.3,2,0.9,3.7,3.2,29.6,108,112,0.561116166211708,0.964285714285714,"NW"
"95","Kessler Edwards","SF",21,"BRK",48,23,987,5.4,13.1,0.412,2.4,6.7,0.353,3,6.4,0.473,0.8,0.9,0.842,2.2,6.3,8.4,1.5,1.4,1.2,2.1,4.2,13.9,100,113,0.514967397747481,0.884955752212389,"A"
"96","CJ Elleby","SF",21,"POR",58,28,1174,5,12.8,0.393,1.5,5.2,0.294,3.5,7.6,0.462,2.5,3.5,0.714,2.7,6.7,9.4,3.6,1.5,0.8,2.3,4.8,14.1,102,117,0.49163179916318,0.871794871794872,"NW"
"97","Wayne Ellington","SG",34,"LAL",43,9,810,5.8,14,0.414,4.9,12.5,0.389,0.9,1.5,0.615,0.5,0.7,0.818,0.6,4,4.6,1.8,1.4,0.3,1.1,2.5,17,113,116,0.594073245736651,0.974137931034483,"P"
"98","Joel Embiid","C",27,"PHI",68,68,2297,14.5,29,0.499,2,5.5,0.371,12.4,23.5,0.529,14.2,17.4,0.814,3.2,14.1,17.3,6.2,1.7,2.1,4.6,3.9,45.1,119,105,0.615178961152335,1.13333333333333,"A"
"99","Drew Eubanks","C",24,"TOT",71,31,1245,8.6,14.4,0.596,0.2,0.9,0.217,8.4,13.5,0.621,3.9,5.1,0.762,5.1,9.8,14.9,3.3,1.2,1.6,3.2,4.7,21.2,120,113,0.636866137947609,1.06194690265487,NA
"100","Dorian Finney-Smith","PF",28,"DAL",80,80,2644,6.2,13.2,0.471,3.3,8.3,0.395,2.9,4.9,0.599,1.1,1.6,0.675,2.3,4.8,7.1,2.9,1.7,0.7,1.5,3.5,16.8,119,110,0.604142692750288,1.08181818181818,"SW"
"101","Malachi Flynn","PG",23,"TOR",44,5,537,6.7,17,0.393,2.8,8.4,0.333,3.9,8.7,0.452,1.4,2.2,0.625,0.9,4.9,5.9,6.5,1.9,0.4,1.2,4.2,17.6,113,112,0.489759572573464,1.00892857142857,"A"
"102","Bryn Forbes","SG",28,"TOT",75,2,1286,8.7,20.3,0.429,4.6,11.1,0.414,4.1,9.2,0.447,3,3.3,0.908,0.4,3.1,3.5,2.8,0.9,0.2,2.1,3.6,25,109,117,0.574659801397573,0.931623931623932,NA
"103","Trent Forrest","PG",23,"UTA",60,6,765,4.9,10,0.49,0.3,1.7,0.185,4.6,8.3,0.555,2.5,3.1,0.792,1.5,4.9,6.4,6.8,1.9,0.4,3.1,2.8,12.6,111,112,0.554382259767687,0.991071428571429,"NW"
"104","Evan Fournier","SG",29,"NYK",80,80,2358,8.5,20.5,0.417,5.1,13.1,0.389,3.4,7.3,0.465,1.7,2.4,0.708,0.7,3.7,4.5,3.6,1.7,0.4,2.2,3.8,23.9,109,113,0.554370012989423,0.964601769911504,"A"
"105","De'Aaron Fox","PG",24,"SAC",59,59,2083,11.9,25.2,0.473,1.7,5.8,0.297,10.2,19.5,0.524,6,8,0.75,0.6,4.8,5.3,7.6,1.6,0.6,3.9,4,31.6,107,117,0.550139275766017,0.914529914529914,"P"
"106","Daniel Gafford","C",23,"WAS",72,53,1444,9.8,14.1,0.693,0,0,0,9.8,14,0.695,3.7,5.2,0.699,5.3,8.6,13.9,2.3,1,3.4,2.2,5.8,23.2,134,111,0.707835001220405,1.20720720720721,"SE"
"107","Danilo Gallinari","PF",33,"ATL",66,18,1672,7.6,17.5,0.434,3.3,8.6,0.381,4.3,8.9,0.485,4.1,4.6,0.904,1,8,9.1,3,0.8,0.4,1.1,2.7,22.7,120,117,0.581335791845933,1.02564102564103,"SE"
"108","Darius Garland","PG",22,"CLE",68,68,2430,11.1,24.1,0.462,3.6,9.3,0.383,7.6,14.8,0.512,4.4,5,0.892,0.8,3.8,4.6,12,1.8,0.1,5.1,2.4,30.3,112,112,0.576045627376426,1,"C"
"109","Rudy Gay","PF",35,"UTA",55,1,1038,7.5,18,0.414,3.3,9.7,0.345,4.1,8.4,0.494,3,3.8,0.785,2.6,8.9,11.5,2.7,1.2,0.9,2.2,4.5,21.2,110,110,0.538836925579504,1,"NW"
"110","Taj Gibson","C",36,"NYK",52,4,946,4.5,8.8,0.518,0.8,2,0.395,3.8,6.8,0.555,2.2,2.8,0.808,4.7,7.5,12.1,1.7,1.2,2.1,1.4,7.2,12.1,127,110,0.603070175438596,1.15454545454545,"A"
"111","Josh Giddey","SF",19,"OKC",54,54,1700,8.1,19.2,0.419,1.6,6.1,0.263,6.4,13.1,0.492,1.6,2.3,0.709,2.8,9.3,12.1,9.9,1.5,0.6,4.9,2.5,19.3,97,112,0.477439145062339,0.866071428571429,"NW"
"112","Shai Gilgeous-Alexander","PG",23,"OKC",56,56,1942,12,26.4,0.453,2.2,7.4,0.3,9.7,18.9,0.514,8.2,10.2,0.81,0.9,6,7,8.3,1.8,1.2,3.9,3.6,34.4,111,113,0.556850556850557,0.982300884955752,"NW"
"113","Anthony Gill","PF",29,"WAS",44,0,463,6.6,11.6,0.569,1.5,2.8,0.538,5.1,8.9,0.578,4.5,5.6,0.808,3.5,5.6,9.1,2.9,0.5,1.2,1.9,6.2,19.2,132,117,0.68259385665529,1.12820512820513,"SE"
"114","Rudy Gobert","C",29,"UTA",66,66,2120,8.4,11.8,0.713,0,0.1,0,8.4,11.7,0.718,7.1,10.2,0.69,5.6,16.9,22.6,1.7,1,3.2,2.8,4.1,23.9,137,103,0.733668958742633,1.33009708737864,"NW"
"115","Aaron Gordon","PF",26,"DEN",75,75,2376,9,17.2,0.52,1.8,5.4,0.335,7.2,11.9,0.605,3.5,4.7,0.743,2.6,6.5,9.1,3.9,0.9,0.9,2.7,3.1,23.2,115,114,0.602034461282956,1.00877192982456,"NW"
"116","Eric Gordon","SG",33,"HOU",57,46,1669,7.6,16.1,0.475,3.5,8.6,0.412,4.1,7.5,0.548,3,3.8,0.778,0.4,2.8,3.2,4.4,0.8,0.5,3.1,1.8,21.8,111,121,0.613324330407382,0.917355371900826,"SW"
"117","Devonte' Graham","PG",26,"NOP",76,63,2162,6.8,18.6,0.363,4.4,12.9,0.341,2.4,5.8,0.413,2.7,3.2,0.843,0.8,3.2,4,7.2,1.6,0.3,2.4,2.2,20.6,109,116,0.514794082367053,0.939655172413793,"SW"
"118","Jerami Grant","PF",27,"DET",47,47,1500,9.7,22.7,0.426,3,8.3,0.358,6.7,14.5,0.465,7.1,8.4,0.838,0.9,5.3,6.2,3.6,1.4,1.6,2.8,3.5,29.4,109,114,0.55690256099409,0.956140350877193,"C"
"119","Danny Green","SF",34,"PHI",62,28,1353,4.6,11.8,0.394,3.8,10,0.38,0.8,1.8,0.469,0.4,0.5,0.786,1.2,4.6,5.8,2.4,2.2,1.4,1.7,3.9,13.5,106,111,0.561564059900166,0.954954954954955,"A"
"120","Draymond Green","PF",31,"GSW",46,44,1329,5,9.4,0.525,0.6,2,0.296,4.4,7.4,0.586,2.2,3.3,0.659,1.7,10.7,12.3,11.7,2.2,1.8,5.1,5,12.7,109,103,0.585145595281976,1.05825242718447,"P"
"121","Jalen Green","SG",19,"HOU",67,67,2138,9,21.2,0.426,3.5,10.2,0.343,5.5,11,0.502,4.2,5.3,0.797,0.7,4.3,5,3.9,1,0.4,3,2.3,25.8,105,120,0.548189699133095,0.875,"SW"
"122","JaMychal Green","PF",31,"DEN",67,8,1085,7.2,14.8,0.486,1.5,5.6,0.266,5.7,9.2,0.621,3.7,4.2,0.871,3.7,9,12.7,2.7,1.9,1.2,2.6,7.1,19.5,114,109,0.585655934646804,1.04587155963303,"NW"
"123","Javonte Green","SF",28,"CHI",65,45,1519,5.7,10.4,0.542,1.2,3.2,0.356,4.5,7.2,0.625,2.6,3.1,0.833,2.9,5.9,8.9,1.9,2.2,1,1,4.2,15,131,112,0.637538252295138,1.16964285714286,"C"
"124","Jeff Green","PF",35,"DEN",75,63,1849,7.3,14,0.524,1.4,4.5,0.315,5.9,9.6,0.62,4.4,5.3,0.833,1.1,5,6.1,2.5,0.7,0.7,1.9,4,20.5,119,115,0.627602253245163,1.03478260869565,"NW"
"125","Josh Green","SG",21,"DAL",67,3,1039,6.3,12.4,0.508,1.4,3.8,0.359,4.9,8.6,0.573,1.5,2.2,0.689,2.5,5.3,7.8,3.8,2.2,0.7,2.1,5.6,15.5,114,109,0.579742669060443,1.04587155963303,"SW"
"126","Blake Griffin","C",32,"BRK",56,24,958,6.7,15.8,0.425,1.9,7.3,0.262,4.8,8.5,0.565,2.8,3.8,0.724,3,8.5,11.5,5.3,1.4,0.7,1.6,4.8,18.2,115,113,0.520833333333333,1.01769911504425,"A"
"127","Quentin Grimes","SG",21,"NYK",46,6,786,6,15,0.404,4.6,12,0.381,1.5,2.9,0.5,0.8,1.2,0.684,1.5,4.5,6,2.8,2,0.7,1.8,4.6,17.5,111,111,0.56349819680577,1,"A"
"128","Rui Hachimura","PF",23,"WAS",42,13,943,9.8,20,0.491,2.9,6.5,0.447,6.9,13.5,0.512,2.4,3.5,0.697,1.3,7.1,8.4,2.5,1.2,0.5,1.7,2.8,24.9,111,116,0.577994428969359,0.956896551724138,"SE"
"129","Tyrese Haliburton","SG",21,"TOT",77,77,2695,7.7,16.3,0.473,2.9,7,0.414,4.8,9.3,0.517,2.9,3.4,0.842,1.1,4.5,5.6,11.3,2.4,0.9,3.6,2.2,21.2,119,115,0.595639469543718,1.03478260869565,NA
"130","R.J. Hampton","SG",20,"ORL",64,14,1402,6,15.8,0.383,2.2,6.3,0.35,3.8,9.5,0.405,2.6,4,0.641,0.8,5.9,6.7,5.5,1.4,0.4,3,3.5,16.9,94,114,0.48120728929385,0.824561403508772,"SE"
"131","Tim Hardaway Jr.","SG",29,"DAL",42,20,1245,8.4,21.4,0.394,4.1,12.3,0.336,4.3,9.1,0.473,3.2,4.2,0.757,0.5,5.8,6.3,3.7,1.5,0.2,1.4,3,24.2,107,111,0.520474879559532,0.963963963963964,"SW"
"132","James Harden","PG",32,"TOT",65,65,2419,8.2,20.1,0.41,3,9.1,0.33,5.2,11,0.476,9.5,10.8,0.877,1.1,9,10.1,13.5,1.7,0.7,5.7,3.1,29,115,111,0.583454047963947,1.03603603603604,NA
"133","Maurice Harkless","SF",28,"SAC",47,24,863,4.6,10.1,0.459,1.7,5.6,0.307,2.9,4.5,0.65,1.1,1.6,0.714,0.7,5.6,6.2,1.3,1.6,1.3,1.7,4.3,12.1,101,115,0.559977786005183,0.878260869565217,"P"
"134","Montrezl Harrell","C",28,"TOT",71,3,1641,10.7,16.6,0.645,0.1,0.5,0.235,10.6,16.1,0.658,6.3,8.8,0.716,4.4,8.4,12.9,4.3,0.9,1.3,2.1,4.1,27.8,134,114,0.678976162563501,1.17543859649123,NA
"135","Gary Harris","SG",27,"ORL",61,30,1730,6.7,15.5,0.434,3.2,8.4,0.384,3.5,7,0.494,2.3,2.7,0.874,1,2.4,3.4,3,1.6,0.3,1.7,3.1,19,110,116,0.569271332694152,0.948275862068966,"SE"
"136","Tobias Harris","PF",29,"PHI",73,73,2543,9.7,20,0.482,2,5.4,0.367,7.7,14.7,0.525,3.3,4,0.842,1.5,8.2,9.7,4.9,0.9,0.8,2.3,3.2,24.7,113,112,0.567555147058823,1.00892857142857,"A"
"137","Josh Hart","SG",26,"TOT",54,53,1791,7.9,15.6,0.504,2,5.9,0.343,5.9,9.8,0.601,4.4,5.8,0.758,1.7,9,10.7,6.2,1.7,0.4,3.1,4.1,22.2,117,113,0.611502864698105,1.0353982300885,NA
"138","Isaiah Hartenstein","C",23,"LAC",68,0,1216,9.2,14.7,0.626,0.6,1.2,0.467,8.7,13.5,0.64,3.7,5.3,0.689,4.7,8.7,13.4,6.4,2,3.1,3.4,6.7,22.7,127,106,0.666392672616252,1.19811320754717,"P"
"139","Jaxson Hayes","C",21,"NOP",70,28,1398,8.7,14.1,0.616,0.7,2,0.351,7.9,12,0.66,5.1,6.6,0.766,4.1,7.1,11.1,1.5,1.2,1.9,1.9,5.5,23.1,132,113,0.679251940719831,1.16814159292035,"SW"
"140","Killian Hayes","PG",20,"DET",66,40,1647,5.2,13.6,0.383,1.3,4.9,0.263,3.9,8.7,0.452,1.7,2.2,0.77,1.1,5.2,6.2,8.2,2.3,1,3.3,5.4,13.4,97,113,0.459912136188907,0.858407079646018,"C"
"141","Gordon Hayward","SF",31,"CHO",49,48,1564,8.7,18.9,0.459,2.6,6.8,0.391,6,12.2,0.496,3.9,4.6,0.846,1.2,5.7,6.9,5.4,1.4,0.7,2.5,2.6,23.9,113,116,0.571114509653986,0.974137931034483,"SE"
"142","Willy Hernangómez","C",27,"NOP",50,8,839,10,19.2,0.52,0.2,0.7,0.333,9.8,18.5,0.527,6.4,8.3,0.773,8.4,11.5,19.9,3.7,1.2,1.1,3,5.7,26.7,122,111,0.584193943637318,1.0990990990991,"SW"
"143","Tyler Herro","SG",22,"MIA",66,10,2151,11.7,26.1,0.447,4.1,10.2,0.399,7.6,15.9,0.477,4.4,5.1,0.868,0.7,6.9,7.7,6.1,1,0.2,4,2.2,31.8,107,111,0.560965283657917,0.963963963963964,"SE"
"144","Buddy Hield","SG",29,"TOT",81,32,2499,8.6,21.3,0.406,5.1,13.9,0.366,3.6,7.4,0.482,2.2,2.5,0.874,1.3,5.6,6.8,4.4,1.4,0.5,3,3.6,24.5,105,117,0.546875,0.897435897435897,NA
"145","George Hill","PG",35,"MIL",54,17,1253,4.5,10.5,0.429,1.6,5.1,0.306,3,5.4,0.546,2.2,2.4,0.919,1.5,4.5,5.9,4.6,1.6,0.2,1.6,2.7,12.8,117,114,0.553824852890273,1.02631578947368,"C"
"146","Aaron Holiday","PG",25,"TOT",63,15,1021,7.2,16.2,0.447,1.9,4.9,0.379,5.4,11.3,0.477,2.8,3.3,0.868,1.2,4.7,5.9,7.3,2,0.4,3.2,4.4,19.2,108,113,0.543847722637661,0.955752212389381,NA
"147","Jrue Holiday","PG",31,"MIL",67,64,2207,10.4,20.8,0.501,2.9,7,0.411,7.5,13.8,0.547,3,3.9,0.761,1.5,5,6.6,9.9,2.4,0.6,4,2.9,26.7,117,112,0.592911707230414,1.04464285714286,"C"
"148","Justin Holiday","SF",32,"TOT",74,65,2057,6.2,15.7,0.394,4.2,11.4,0.367,2,4.3,0.467,1.2,1.5,0.806,0.7,3.8,4.5,3,1.3,0.8,1.7,3.6,17.7,107,118,0.540953545232274,0.906779661016949,NA
"149","Richaun Holmes","C",28,"SAC",45,37,1074,8.9,13.4,0.66,0.1,0.2,0.4,8.8,13.2,0.664,3.1,4,0.778,4.2,10,14.2,2.2,0.8,1.8,2.5,5.7,21,127,114,0.692612137203166,1.1140350877193,"P"
"150","Rodney Hood","PF",29,"TOT",52,0,709,3.9,10.7,0.369,2,6.2,0.33,1.9,4.5,0.424,1.2,1.3,0.895,1,4.2,5.2,2.6,1,0.4,0.7,2.1,11.1,108,115,0.492370475514549,0.939130434782609,NA
"151","Al Horford","C",35,"BOS",69,69,2005,6.6,14.1,0.467,2.2,6.6,0.336,4.4,7.5,0.582,2,2.4,0.842,2.7,10.5,13.1,5.7,1.2,2.3,1.6,3.2,17.4,124,104,0.57403008709422,1.19230769230769,"A"
"152","Talen Horton-Tucker","SG",21,"LAL",60,19,1511,7.1,17.1,0.416,1.6,5.8,0.269,5.6,11.3,0.492,3.2,4,0.8,1.2,4.9,6.1,5,1.9,0.9,2.6,4.7,18.9,102,114,0.501060445387062,0.894736842105263,"P"
"153","Danuel House Jr.","SF",28,"TOT",42,7,727,5.4,13.3,0.404,3,7.9,0.376,2.4,5.4,0.444,3,3.9,0.759,1.2,6.2,7.5,3,1.4,1.1,2.2,3.4,16.7,108,113,0.556073521576985,0.955752212389381,NA
"154","Dwight Howard","C",36,"LAL",60,27,971,6.6,10.8,0.612,0.4,0.7,0.533,6.2,10.1,0.618,4.7,7.2,0.658,5.8,11.7,17.6,1.7,1.7,1.8,2.3,5.7,18.4,128,109,0.65864833906071,1.1743119266055,"P"
"155","Kevin Huerter","SF",23,"ATL",74,60,2188,7.7,17.1,0.454,3.6,9.2,0.389,4.2,7.8,0.53,0.9,1.2,0.808,0.7,5,5.7,4.6,1.2,0.6,2,4.2,20,112,117,0.567279328341275,0.957264957264957,"SE"
"156","De'Andre Hunter","SF",24,"ATL",53,52,1577,7.9,17.9,0.442,2.3,6.1,0.379,5.6,11.8,0.474,4,5.2,0.765,0.8,4.7,5.5,2.1,1.1,0.7,2.2,4.8,22.1,106,117,0.547354864275807,0.905982905982906,"SE"
"157","Bones Hyland","SG",21,"DEN",69,4,1310,8.6,21.4,0.403,4.9,13.4,0.366,3.7,8,0.465,4,4.7,0.856,0.5,6.5,7,7.2,1.5,0.7,3.2,5.7,26.1,109,112,0.556076359297767,0.973214285714286,"NW"
"158","Serge Ibaka","C",32,"TOT",54,12,877,8.2,16.4,0.5,2.1,5.5,0.374,6.2,10.9,0.563,1.8,2.4,0.727,3.4,10.4,13.9,2.7,0.6,1.8,2.4,5.7,20.2,112,110,0.578597616865261,1.01818181818182,NA
"159","Joe Ingles","SF",34,"UTA",45,15,1122,5.1,12.6,0.404,3.4,9.9,0.347,1.6,2.6,0.617,0.7,1,0.773,0.5,5.2,5.8,7,1,0.2,2,3.6,14.3,117,114,0.548312883435583,1.02631578947368,"NW"
"160","Brandon Ingram","SF",24,"NOP",55,55,1869,12,26,0.461,2,6,0.327,10,20,0.501,7,8.5,0.826,0.9,7.5,8.5,8.1,0.9,0.7,4,3.1,32.9,111,115,0.553127101546738,0.965217391304348,"SW"
"161","Frank Jackson","PG",23,"DET",53,7,1164,8.1,20.2,0.402,3.6,11.7,0.308,4.5,8.6,0.529,3.6,4.4,0.827,0.8,2.9,3.6,2.3,1.1,0.4,1.6,3.7,23.5,106,118,0.530809541019154,0.898305084745763,"C"
"162","Jaren Jackson Jr.","PF",22,"MEM",78,78,2126,9.7,23.3,0.415,2.9,9,0.319,6.8,14.3,0.476,6.4,7.8,0.823,2.7,7.5,10.2,1.9,1.6,4,2.9,6.1,28.6,109,106,0.534939398473739,1.02830188679245,"SW"
"163","Josh Jackson","SF",24,"TOT",51,3,830,7,17.6,0.4,1.9,7.6,0.254,5.1,10,0.512,3.2,4.5,0.714,1.2,7,8.3,3.2,1.5,1.3,2.8,5.2,19.2,95,114,0.490296220633299,0.833333333333333,NA
"164","Reggie Jackson","SG",31,"LAC",75,75,2337,10,25.6,0.392,3.5,10.7,0.326,6.5,14.9,0.439,2.9,3.4,0.847,0.8,4.9,5.7,7.5,1.2,0.3,3.6,3.3,26.5,99,113,0.489002066725716,0.876106194690266,"P"
"165","LeBron James","C",37,"LAL",56,56,2084,14.7,28.1,0.524,3.7,10.3,0.359,11,17.8,0.62,5.8,7.7,0.756,1.4,9.1,10.6,8,1.7,1.4,4.5,2.8,39,117,111,0.619283536585366,1.05405405405405,"P"
"166","Ty Jerome","SG",24,"OKC",48,4,801,7.5,19.9,0.378,3.3,11.3,0.29,4.3,8.6,0.493,2.3,2.9,0.809,1.2,3.6,4.7,6.6,1.8,0.3,2.2,4.4,20.7,103,115,0.488760861352475,0.895652173913044,"NW"
"167","Isaiah Joe","SG",22,"PHI",55,1,609,5.1,14.5,0.35,3.7,11.1,0.333,1.4,3.4,0.405,2.4,2.5,0.935,0.5,4.1,4.6,2.9,1.1,0.2,1.6,3.8,16.2,103,115,0.519230769230769,0.895652173913044,"A"
"168","Cameron Johnson","PF",25,"PHO",66,16,1730,7.8,16.9,0.46,4.6,10.9,0.425,3.1,6,0.523,2.7,3.2,0.86,1.2,6.4,7.6,2.8,1.6,0.4,1.3,3.1,22.9,123,109,0.625409656980555,1.12844036697248,NA
"169","James Johnson","PF",34,"BRK",62,10,1191,5.9,12.5,0.469,0.9,3.5,0.271,4.9,9,0.545,1.2,2.2,0.527,2.1,6.7,8.8,5.3,1.2,1.4,2,6.6,13.8,109,113,0.512325512325512,0.964601769911504,"A"
"170","Keldon Johnson","SF",22,"SAS",75,74,2392,9.4,20.3,0.466,3.2,8,0.398,6.3,12.3,0.51,3.6,4.7,0.756,1.6,7.6,9.2,3.2,1.2,0.3,1.8,3,25.6,114,114,0.572246065808298,1,"SW"
"171","Stanley Johnson","PF",25,"LAL",48,27,1094,5.1,11,0.466,1.4,4.6,0.314,3.7,6.4,0.575,2.3,3.2,0.716,1.5,5.3,6.8,3.5,1.9,0.6,1.5,4.8,14,114,114,0.564152159896841,1,"P"
"172","Nikola Jokić","C",26,"DEN",74,74,2476,15.1,26,0.583,1.9,5.7,0.337,13.2,20.3,0.652,7.5,9.3,0.81,4.1,16.1,20.2,11.6,2.2,1.2,5.6,3.8,39.7,126,105,0.659643759138642,1.2,"NW"
"173","Damian Jones","C",26,"SAC",56,15,1017,8.3,12.6,0.658,0.5,1.4,0.345,7.8,11.2,0.696,4.4,6.2,0.718,3.5,8.1,11.6,3.3,1.2,2.2,2.8,6.2,21.5,128,113,0.701330897703549,1.13274336283186,"P"
"174","Derrick Jones Jr.","PF",24,"CHI",51,8,899,5.7,10.6,0.538,1.1,3.3,0.328,4.6,7.3,0.634,3,3.8,0.8,3.3,5.9,9.2,1.6,1.4,1.8,1.6,5.7,15.5,124,113,0.63151890482399,1.09734513274336,"C"
"175","Herbert Jones","PF",23,"NOP",78,69,2335,5.8,12.2,0.476,1.2,3.6,0.337,4.6,8.6,0.533,2.9,3.4,0.84,2.1,4.2,6.3,3.5,2.7,1.3,2.1,5,15.7,114,112,0.573160046728972,1.01785714285714,"SW"
"176","Tre Jones","PG",22,"SAS",69,11,1148,6.9,14.2,0.49,0.4,2.1,0.196,6.5,12,0.542,3,3.8,0.78,1.2,5.3,6.5,9.7,1.8,0.3,1.9,3.3,17.3,120,114,0.544984879032258,1.05263157894737,"SW"
"177","Tyus Jones","PG",25,"MEM",73,23,1549,7.7,17,0.451,2.5,6.3,0.39,5.2,10.7,0.487,1.7,2,0.818,0.5,4.9,5.4,10,2,0.1,1.4,1,19.5,125,112,0.545302013422819,1.11607142857143,"SW"
"178","DeAndre Jordan","C",33,"TOT",48,20,622,7.2,11.2,0.643,0,0,NA,7.2,11.2,0.643,1.7,3.1,0.55,6.5,14.1,20.6,1.6,0.9,2.7,2.9,5.5,16.1,120,107,0.640719516077682,1.1214953271028,NA
"179","Cory Joseph","PG",30,"DET",65,39,1600,5.4,12.2,0.445,2,4.8,0.414,3.4,7.4,0.465,3,3.4,0.885,0.9,4.4,5.3,7.2,1.3,0.5,2.6,4.5,15.9,115,116,0.580461448598131,0.991379310344828,"C"
"180","Luke Kennard","SG",25,"LAC",70,13,1919,7.3,16.3,0.449,4.9,10.8,0.449,2.5,5.5,0.449,1.8,2,0.896,0.5,5.3,5.8,3.7,1.1,0.2,1.5,2.6,21.3,119,113,0.619906868451688,1.05309734513274,"P"
"181","Corey Kispert","SF",22,"WAS",77,36,1801,6.4,14.1,0.455,3.1,8.8,0.35,3.4,5.3,0.629,1.5,1.7,0.871,1.5,4.3,5.7,2.3,1,0.6,1.4,2.6,17.4,114,118,0.5859375,0.966101694915254,"SE"
"182","Maxi Kleber","PF",30,"DAL",59,21,1450,4.9,12.3,0.398,2.9,8.9,0.325,2,3.4,0.586,1.6,2.3,0.708,2.4,9.7,12.1,2.4,1,2,1.6,4.8,14.3,109,107,0.537109375,1.01869158878505,"SW"
"183","John Konchar","SG",25,"MEM",72,7,1292,5,9.7,0.515,1.9,4.7,0.413,3.1,5,0.61,1,1.8,0.551,3.2,9,12.2,4,1.7,0.8,1.1,3.3,12.9,133,109,0.614754098360656,1.22018348623853,"SW"
"184","Furkan Korkmaz","SG",24,"PHI",67,19,1414,6.4,16.6,0.387,2.7,9.4,0.289,3.7,7.2,0.515,2.4,3,0.81,0.8,5.4,6.2,4.5,1.2,0.3,1.7,2,18,104,114,0.502232142857143,0.912280701754386,"A"
"185","Jonathan Kuminga","SF",19,"GSW",70,12,1185,9.7,18.9,0.513,2.1,6.1,0.336,7.7,12.8,0.598,5.3,7.8,0.684,2.2,7.4,9.6,2.6,1.3,0.9,3,6,26.8,112,108,0.600035823034211,1.03703703703704,"P"
"186","Kyle Kuzma","PF",26,"WAS",66,66,2204,9.5,21,0.452,2.9,8.4,0.341,6.6,12.6,0.526,3.5,4.9,0.712,1.6,11,12.6,5.2,0.9,1.3,3.8,2.9,25.4,103,113,0.54845396441527,0.911504424778761,"SE"
"187","Jeremy Lamb","SF",29,"TOT",56,0,935,6.9,18.1,0.383,2.9,8.9,0.324,4.1,9.2,0.441,4.6,5.5,0.84,1.4,6.7,8,4.2,1.6,1.1,1.9,3.1,21.3,109,116,0.519005847953216,0.939655172413793,NA
"188","Jock Landale","C",26,"SAS",54,1,589,8.2,16.6,0.495,2.4,7.2,0.326,5.9,9.4,0.626,2.8,3.3,0.829,5.1,6.1,11.2,3.7,0.8,1.1,2.5,4.3,21.6,119,114,0.5982716596499,1.04385964912281,"SW"
"189","Romeo Langford","SG",22,"TOT",48,5,771,5.3,12.3,0.435,1.9,5.5,0.341,3.5,6.8,0.509,1.5,2.7,0.548,1.9,5,6.9,1.4,1.4,1,1,3,14,108,109,0.518979833926453,0.990825688073395,NA
"190","Zach LaVine","SG",26,"CHI",67,67,2328,11.8,24.9,0.476,3.9,10,0.389,8,14.9,0.534,6.7,7.9,0.853,0.5,6,6.5,6.4,0.9,0.5,3.6,2.5,34.3,115,116,0.604383986467437,0.991379310344828,"C"
"191","Damion Lee","SG",29,"GSW",63,5,1256,6.6,14.9,0.441,2.4,7.3,0.337,4.1,7.6,0.541,2.6,2.9,0.88,1,6.8,7.9,2.4,1.5,0.2,1.5,3.7,18.1,111,109,0.559470820969337,1.01834862385321,"P"
"192","Caris LeVert","SG",27,"TOT",58,49,1781,10.5,23.6,0.444,2.3,7.1,0.32,8.2,16.5,0.497,4,5.3,0.756,1.2,4.7,5.9,6.9,1.4,0.6,3,3.6,27.3,108,116,0.526376677464137,0.931034482758621,NA
"193","Nassir Little","SF",21,"POR",42,23,1088,6.5,14.1,0.46,2.3,6.9,0.331,4.2,7.2,0.584,3.1,4.2,0.734,2.6,8,10.6,2.4,1.1,1.6,1.8,3.7,18.4,115,116,0.576874843240532,0.991379310344828,"NW"
"194","Kevon Looney","C",25,"GSW",82,80,1732,5.9,10.2,0.571,0,0,0,5.9,10.2,0.573,2.1,3.5,0.6,5.9,10.9,16.8,4.6,1.4,1.5,1.9,6.1,13.8,128,105,0.587734241908007,1.21904761904762,"P"
"195","Kevin Love","C",33,"CLE",74,4,1665,9.8,22.8,0.43,5.6,14.3,0.392,4.2,8.5,0.493,5,5.9,0.838,2.6,13.5,16.1,4.8,0.8,0.5,2.9,3,30.2,117,108,0.594581823909277,1.08333333333333,"C"
"196","Kyle Lowry","PG",35,"MIA",63,63,2133,6.5,14.7,0.44,3.4,9,0.377,3.1,5.7,0.539,3.5,4.1,0.851,0.8,5.8,6.6,11.1,1.6,0.4,3.9,4.2,19.8,118,110,0.599854580707707,1.07272727272727,"SE"
"197","Timothé Luwawu-Cabarrot","SF",26,"ATL",52,18,685,5.3,13.3,0.398,3.2,8.8,0.361,2.2,4.6,0.469,2.5,2.9,0.854,1.2,4.7,5.9,2.9,1.3,0.4,1.4,5.5,16.3,113,117,0.559138309549945,0.965811965811966,"SE"
"198","Trey Lyles","PF",26,"TOT",75,23,1537,8.3,17.8,0.466,2.1,6.6,0.321,6.2,11.2,0.552,6.2,7.7,0.802,2.8,9.2,12,2.8,0.9,1,2.3,3.9,24.8,116,114,0.585236926562205,1.01754385964912,NA
"199","Théo Maledon","PG",20,"OKC",51,7,908,6.4,17,0.375,2.4,8,0.293,4,9,0.449,4.2,5.4,0.79,1.1,6,7,6,1.7,0.6,3.5,3.6,19.4,99,114,0.500619322873658,0.868421052631579,"NW"
"200","Terance Mann","SF",25,"LAC",81,33,2317,7.1,14.6,0.484,1.6,4.4,0.365,5.5,10.2,0.535,2.7,3.5,0.78,2.2,6.8,9,4.4,1.2,0.4,1.8,3.8,18.4,117,112,0.57001239157373,1.04464285714286,"P"
"201","Tre Mann","PG",20,"OKC",60,26,1367,8.2,21,0.393,3.5,9.7,0.36,4.7,11.3,0.421,2.3,2.9,0.793,0.9,5.2,6.1,3.2,1.7,0.4,2.5,3.6,22.3,97,114,0.500538696354821,0.850877192982456,"NW"
"202","Lauri Markkanen","SF",24,"CLE",61,61,1878,8.3,18.7,0.445,3.6,10.1,0.358,4.7,8.6,0.548,3.7,4.2,0.868,1.6,7.6,9.2,2.2,1.2,0.8,1.4,3.5,23.9,117,110,0.581565115826358,1.06363636363636,"C"
"203","Naji Marshall","SF",24,"NOP",55,4,735,7.3,18.1,0.405,1.4,7.1,0.2,5.9,11,0.537,5,6.2,0.796,2.6,7,9.5,4.2,2.2,0.5,3.1,4.6,21,103,112,0.504129057038602,0.919642857142857,"SW"
"204","Caleb Martin","SF",26,"MIA",60,12,1372,7.6,15,0.507,2.3,5.7,0.413,5.3,9.3,0.565,2.6,3.4,0.763,2.6,5.8,8.4,2.3,2.1,1.1,1.9,3.8,20.1,119,108,0.609238603297769,1.10185185185185,"SE"
"205","Cody Martin","SF",26,"CHO",71,11,1866,5.2,10.9,0.482,1.6,4.1,0.384,3.7,6.8,0.542,1.9,2.8,0.701,2.1,5.2,7.3,4.6,2.3,0.8,1.6,3,14,120,114,0.576986482030992,1.05263157894737,"SE"
"206","Kenyon Martin Jr.","SF",21,"HOU",79,2,1656,8,15,0.533,1.7,4.8,0.357,6.3,10.2,0.617,2.2,3.5,0.634,2.3,6.2,8.5,2.9,1,1.1,1.7,3.2,20,118,118,0.60459492140266,1,"SW"
"207","Garrison Mathews","SG",25,"HOU",65,33,1712,5.1,12.8,0.399,3.9,10.7,0.36,1.3,2.1,0.6,4,5,0.794,0.9,4.4,5.3,1.8,1.6,0.7,1.1,4.7,18.1,120,118,0.603333333333333,1.01694915254237,"SW"
"208","Wesley Matthews","SG",35,"MIL",49,14,1002,4.2,10.5,0.395,2.5,7.5,0.338,1.6,3,0.54,1.1,1.3,0.786,1.4,3,4.4,1.7,1.1,0.4,0.9,4.2,11.9,113,116,0.53739161849711,0.974137931034483,"C"
"209","Tyrese Maxey","PG",21,"PHI",75,74,2650,9.1,18.7,0.485,2.5,5.8,0.427,6.6,12.9,0.512,4,4.6,0.866,0.5,4,4.5,6,1,0.6,1.7,2.9,24.7,121,115,0.595927427137618,1.05217391304348,"A"
"210","CJ McCollum","SG",30,"TOT",62,62,2145,12.3,26.6,0.46,4.2,10.7,0.388,8.1,15.9,0.509,2.7,3.9,0.682,1.2,4.9,6.2,7.2,1.6,0.5,2.9,2.8,31.3,111,117,0.552691058059048,0.948717948717949,NA
"211","Jaden McDaniels","PF",21,"MIN",70,31,1803,6.7,14.6,0.46,2.1,6.6,0.317,4.6,8,0.579,1.5,1.9,0.803,2,5.7,7.7,2.1,1.4,1.4,2,5.9,17.1,108,113,0.553899974086551,0.955752212389381,"NW"
"212","Doug McDermott","PF",30,"SAS",51,51,1223,8.4,18.2,0.462,4.2,10,0.422,4.2,8.2,0.512,1.6,2,0.784,0.7,3.8,4.5,2.5,0.5,0.2,1.7,3.1,22.7,112,118,0.594863731656185,0.949152542372881,"SW"
"213","JaVale McGee","C",34,"PHO",74,17,1172,11.8,18.8,0.629,0.1,0.4,0.222,11.7,18.4,0.637,4.2,6,0.699,6.7,13.7,20.4,1.7,0.9,3.3,4,7.4,27.9,118,102,0.650652985074627,1.15686274509804,NA
"214","Rodney McGruder","SG",30,"DET",51,2,754,6.3,14.6,0.436,3.8,9.4,0.397,2.6,5.1,0.506,1.2,1.7,0.731,2,5.2,7.2,3.1,1.4,0.5,1.6,3.8,17.7,115,116,0.576622361219703,0.991379310344828,"C"
"215","Jordan McLaughlin","PG",25,"MIN",62,3,902,4.6,10.5,0.44,1.4,4.5,0.318,3.2,6.1,0.53,1.6,2.1,0.75,1.2,3.8,5,9.5,3,0.5,2,2.8,12.3,122,112,0.538340336134454,1.08928571428571,"NW"
"216","Ben McLemore","SG",28,"POR",64,6,1285,8.2,20.5,0.401,5.7,15.9,0.362,2.5,4.6,0.533,2.7,3.3,0.818,0.5,3.5,3.9,2.2,1.4,0.4,2.1,3.9,24.9,108,120,0.567146501457726,0.9,"NW"
"217","De'Anthony Melton","SG",23,"MEM",73,15,1657,8.1,20.1,0.404,4,10.7,0.374,4.1,9.3,0.44,2.6,3.5,0.75,1.8,7.6,9.5,5.6,3,1.1,3.2,3.7,22.8,108,107,0.526802218114603,1.00934579439252,"SW"
"218","Chimezie Metu","C",24,"SAC",60,20,1279,7.6,16.9,0.452,2.1,7,0.306,5.5,9.9,0.555,2.7,3.4,0.78,1.3,11.3,12.6,2.3,1.9,1.2,2.3,3.5,20.1,104,111,0.54631441617743,0.936936936936937,"P"
"219","Khris Middleton","SF",30,"MIL",66,66,2141,10.1,22.9,0.443,3.6,9.7,0.373,6.5,13.2,0.494,5.8,6.5,0.89,0.9,7.1,8,8,1.7,0.4,4.3,3.6,29.7,112,112,0.576475155279503,1,"C"
"220","Patty Mills","SG",33,"BRK",81,48,2346,6.7,16.4,0.408,4.7,11.7,0.4,2,4.7,0.429,1,1.2,0.814,0.4,2.9,3.2,3.8,1.1,0.4,1.5,2.3,19.1,112,117,0.564154064272212,0.957264957264957,"A"
"221","Shake Milton","SG",25,"PHI",55,6,1179,7.3,17,0.429,1.8,5.6,0.323,5.5,11.4,0.481,2.6,3.1,0.836,1.3,4.7,6,5.9,1.2,0.7,1.9,4.2,19,109,114,0.5173164887824,0.956140350877193,"A"
"222","Davion Mitchell","PG",23,"SAC",75,19,2076,8.2,19.5,0.418,2.3,7.4,0.316,5.8,12.1,0.48,1.3,2,0.659,0.8,3.1,3.8,7.3,1.3,0.6,2.6,3.3,20,101,118,0.490677134445535,0.855932203389831,"P"
"223","Donovan Mitchell","SG",25,"UTA",67,67,2266,13.5,30,0.448,5.1,14.3,0.355,8.4,15.7,0.533,5.8,6.8,0.853,1.2,5,6.2,7.8,2.2,0.3,4.4,3.6,37.8,114,111,0.572866149369544,1.02702702702703,"NW"
"224","Evan Mobley","PF",20,"CLE",69,69,2331,9,17.8,0.508,0.5,2,0.25,8.5,15.8,0.541,3.6,5.4,0.663,3.1,9.1,12.2,3.7,1.2,2.5,2.8,3.1,22.2,109,107,0.550158604282316,1.01869158878505,"C"
"225","Malik Monk","SG",23,"LAL",76,37,2139,8.8,18.5,0.473,3.9,9.9,0.391,4.9,8.6,0.568,2.1,2.6,0.795,0.8,4.9,5.7,4.9,1.4,0.6,2.7,3.1,23.5,112,115,0.598147016900835,0.973913043478261,"P"
"226","Moses Moody","SG",19,"GSW",52,11,607,6.4,14.7,0.437,3.2,8.8,0.364,3.2,5.9,0.548,2.2,2.9,0.778,1.4,5.1,6.4,1.8,0.6,0.8,1,3.5,18.3,115,111,0.572734101151728,1.03603603603604,"P"
"227","Ja Morant","PG",22,"MEM",57,57,1889,14.7,29.8,0.493,2.2,6.5,0.344,12.5,23.3,0.534,8,10.5,0.761,2,6.3,8.2,9.7,1.7,0.6,5,2.2,39.6,116,111,0.575246949447995,1.04504504504505,"SW"
"228","Marcus Morris","PF",32,"LAC",54,54,1564,9.4,21.6,0.434,3.2,8.6,0.367,6.2,13,0.478,4,4.6,0.872,0.8,6.7,7.5,3.5,0.9,0.6,2.2,3.6,26,108,112,0.550287842871656,0.964285714285714,"P"
"229","Monte Morris","PG",26,"DEN",75,74,2239,8.2,16.9,0.484,2.7,6.9,0.395,5.5,10.1,0.545,1.6,1.8,0.869,0.6,4.4,5,7.3,1.2,0.3,1.7,2,20.7,120,115,0.585010174089984,1.04347826086957,"NW"
"230","Trey Murphy III","SF",21,"NOP",62,1,864,6.2,15.8,0.394,4.1,10.6,0.382,2.2,5.2,0.418,2.6,2.9,0.882,2.7,5.7,8.4,2.2,1.3,0.4,0.9,3.4,19.1,120,115,0.559264464745842,1.04347826086957,"SW"
"231","Dejounte Murray","PG",25,"SAS",68,68,2366,11.6,25.2,0.462,1.9,6,0.327,9.7,19.2,0.504,4,5,0.794,1.6,9.8,11.4,12.7,2.8,0.5,3.7,2.8,29.2,113,108,0.532846715328467,1.0462962962963,"SW"
"232","Mike Muscala","C",30,"OKC",43,0,592,9.3,20.4,0.456,5.8,13.4,0.429,3.5,7,0.506,3.9,4.7,0.842,1.7,8.9,10.6,1.8,1.5,2.1,1.2,4.8,28.3,124,110,0.629784582517358,1.12727272727273,"NW"
"233","Svi Mykhailiuk","SF",24,"TOR",56,5,716,6.4,16.3,0.389,2.9,9.4,0.306,3.5,7,0.5,2.2,2.6,0.865,1.4,5,6.4,3.1,1.8,0.3,2.2,3.8,17.8,104,113,0.510204081632653,0.920353982300885,"A"
"234","Larry Nance Jr.","C",29,"TOT",46,11,1040,6.1,11.6,0.522,1.1,3.3,0.329,5,8.3,0.599,1.9,2.7,0.702,3.4,8.3,11.7,3.8,2,0.9,1.7,4,15.1,121,114,0.590397247419456,1.06140350877193,NA
"235","Aaron Nesmith","SF",22,"BOS",52,3,574,6.2,15.8,0.396,2.7,10,0.27,3.5,5.8,0.612,1.8,2.3,0.808,1.3,6.4,7.7,1.9,1.7,0.4,2.7,6.1,17,95,108,0.505591244349274,0.87962962962963,"A"
"236","Raul Neto","PG",29,"WAS",70,19,1372,7.4,15.9,0.463,1.3,4.3,0.292,6.1,11.6,0.526,3,3.9,0.769,0.5,4.4,4.8,7.8,2,0.1,2.8,3.7,19,108,116,0.539282470481381,0.931034482758621,"SE"
"237","Georges Niang","PF",28,"PHI",76,7,1736,7.1,16.2,0.437,4.5,11.1,0.403,2.6,5.1,0.511,1.5,1.7,0.881,0.7,5.1,5.8,2.9,0.9,0.4,1.7,5.5,20.1,113,115,0.592990323341987,0.982608695652174,"A"
"238","Jaylen Nowell","SG",22,"MIN",62,1,975,9.6,20.2,0.475,3.1,7.8,0.394,6.5,12.3,0.526,3.5,4.5,0.783,1.1,4.9,6,6.3,1.3,0.5,1.8,3.6,25.7,121,115,0.579350766456267,1.05217391304348,"NW"
"239","Frank Ntilikina","SG",23,"DAL",58,5,685,6.5,16.4,0.399,2.8,8.2,0.342,3.7,8.2,0.455,1.8,1.8,0.96,0.9,4.9,5.8,5.1,2,0.5,2.3,4.5,17.6,104,110,0.511865984178688,0.945454545454545,"SW"
"240","Jusuf Nurkić","C",27,"POR",56,56,1579,9.9,18.6,0.535,0.5,1.7,0.268,9.5,16.8,0.563,5.7,8.3,0.69,5.2,14,19.2,4.9,1.9,1.1,4.4,5.8,26.1,112,112,0.586464138055006,1,"NW"
"241","David Nwaba","SF",29,"HOU",46,4,609,6.6,13.8,0.483,1.2,3.8,0.306,5.5,9.9,0.551,3.8,5.2,0.716,3.2,8.6,11.8,2.7,2.2,1.6,1.6,4.3,18.2,117,113,0.565638985579314,1.0353982300885,"SW"
"242","Jordan Nwora","SF",23,"MIL",62,13,1185,7.5,18.7,0.403,3.2,9.2,0.348,4.3,9.5,0.455,1.5,1.7,0.837,1.5,7.5,9,2.4,1,0.7,2.3,3.2,19.7,100,113,0.506478815302345,0.884955752212389,"C"
"243","Royce O'Neale","SF",28,"UTA",77,77,2406,4.2,9.1,0.457,2.4,6.3,0.389,1.7,2.8,0.609,0.9,1.2,0.804,1.3,6.2,7.6,3.9,1.8,0.7,1.6,3.8,11.7,122,111,0.607602825093477,1.0990990990991,"NW"
"244","Chuma Okeke","PF",23,"ORL",70,20,1749,6,15.9,0.376,3.3,10.3,0.318,2.7,5.6,0.48,1.5,1.8,0.846,1.3,8.3,9.6,3.3,2.7,1.2,1.6,2.6,16.7,101,109,0.500239635753654,0.926605504587156,"SE"
"245","Josh Okogie","SG",23,"MIN",49,6,516,3.9,9.6,0.404,1.3,4.3,0.298,2.6,5.3,0.491,3.2,4.7,0.686,2.7,3.8,6.5,2.3,2.4,1.1,2.1,4.9,12.3,107,112,0.527082619129242,0.955357142857143,"NW"
"246","Onyeka Okongwu","C",21,"ATL",48,6,992,7.7,11.2,0.69,0,0,NA,7.7,11.2,0.69,4,5.4,0.727,5.7,8.3,14,2.6,1.5,3,2.2,7.4,19.4,138,111,0.714496169711255,1.24324324324324,"SE"
"247","Isaac Okoro","SF",21,"CLE",67,61,1981,5.2,10.9,0.48,1.4,4,0.35,3.8,6.9,0.555,3,3.9,0.768,1.8,3.3,5.1,3.1,1.4,0.6,1.5,4.1,14.8,120,113,0.586556753329106,1.06194690265487,"C"
"248","Cedi Osman","SF",26,"CLE",66,3,1462,8.4,19.5,0.432,4.4,12.3,0.357,4.1,7.3,0.559,3,4.5,0.664,0.9,4.1,5,4.6,1.8,0.3,2.3,4.3,24.2,111,112,0.563314711359404,0.991071428571429,"C"
"249","Kelly Oubre Jr.","SF",26,"CHO",76,13,1999,9.8,22.4,0.44,4.6,13.3,0.345,5.3,9.1,0.578,3,4.5,0.667,1.9,5.4,7.2,2,1.8,0.7,1.6,4.5,27.3,111,115,0.559885151763741,0.965217391304348,"SE"
"250","Eric Paschall","PF",25,"UTA",58,3,736,7.7,15.8,0.485,2.7,7.3,0.37,5,8.5,0.583,4.4,5.8,0.767,2,5.1,7.1,2.4,0.6,0.3,1.8,3.4,22.4,123,115,0.610287707061901,1.0695652173913,"NW"
"251","Chris Paul","PG",36,"PHO",65,65,2139,8.2,16.6,0.493,1.4,4.5,0.317,6.7,12.1,0.559,3.8,4.5,0.837,0.5,5.9,6.4,15.8,2.7,0.4,3.4,3,21.6,124,107,0.581270182992465,1.1588785046729,NA
"252","Cameron Payne","PG",27,"PHO",58,12,1278,9,22.1,0.409,2.7,7.9,0.336,6.4,14.2,0.449,2.8,3.4,0.843,0.9,5.7,6.6,10.6,1.5,0.6,3.9,4.5,23.6,104,109,0.500084760128835,0.954128440366972,NA
"253","Elfrid Payton","PG",27,"PHO",50,1,549,5.9,15.3,0.383,0.4,1.6,0.222,5.5,13.8,0.401,1.1,2.8,0.375,1.8,5.9,7.7,8.7,2.2,0.5,4.1,3.3,13.1,87,108,0.39620130655698,0.805555555555556,NA
"254","Gary Payton II","SG",29,"GSW",71,16,1247,8.3,13.5,0.616,1.7,4.7,0.358,6.6,8.8,0.754,1.4,2.3,0.603,2.8,6.8,9.7,2.5,3.8,0.9,1.6,5.1,19.6,129,103,0.675303197353914,1.25242718446602,"P"
"255","Mason Plumlee","C",31,"CHO",73,73,1793,5.5,8.6,0.641,0,0.1,0,5.5,8.5,0.645,1.8,4.6,0.392,4.7,10.4,15.1,6,1.6,1.4,2.7,6,12.8,122,111,0.602409638554217,1.0990990990991,"SE"
"256","Jakob Poeltl","C",26,"SAS",68,67,1970,10,16.1,0.618,0,0,1,10,16.1,0.618,2.3,4.6,0.495,6.4,9.1,15.4,4.6,1.1,2.9,2.7,5.2,22.3,123,110,0.615206356212757,1.11818181818182,"SW"
"257","Aleksej Pokusevski","PF",20,"OKC",61,12,1233,7.3,18,0.408,2.3,7.8,0.289,5.1,10.2,0.498,1.4,2,0.7,2.9,9.7,12.6,5.2,1.5,1.5,3.7,3.5,18.3,96,111,0.484639830508475,0.864864864864865,"NW"
"258","Jordan Poole","SG",22,"GSW",76,51,2283,10.1,22.6,0.448,4.5,12.4,0.364,5.6,10.2,0.55,5.3,5.7,0.925,0.7,4.8,5.6,6.5,1.3,0.5,4,4.4,30,112,110,0.597419149275131,1.01818181818182,"P"
"259","Kevin Porter Jr.","PG",21,"HOU",61,61,1907,8.4,20.2,0.415,3.9,10.3,0.375,4.5,9.9,0.456,3.1,4.8,0.642,1.1,5.6,6.7,9.4,1.7,0.5,4.8,3.9,23.7,103,117,0.531104338472571,0.88034188034188,"SW"
"260","Otto Porter Jr.","PF",28,"GSW",63,15,1396,6.7,14.5,0.464,2.8,7.5,0.37,3.9,7,0.565,1.7,2.1,0.803,3,9.6,12.6,3.3,2.4,1,1.3,2.9,18,121,104,0.58350622406639,1.16346153846154,"P"
"261","Bobby Portis","C",26,"MIL",72,59,2028,9.9,20.6,0.479,3.1,8,0.393,6.7,12.6,0.533,2,2.7,0.752,4.3,11.3,15.6,2,1.3,1.2,2.1,4.1,24.9,115,110,0.571415458050303,1.04545454545455,"C"
"262","Kristaps Porziņģis","PF",26,"TOT",51,51,1481,11.9,25.9,0.459,2.6,8.5,0.31,9.3,17.4,0.532,8.4,9.7,0.867,3.4,10.4,13.9,4,1.3,2.8,2.7,4.6,34.8,116,107,0.576770087509944,1.08411214953271,NA
"263","Dwight Powell","C",30,"DAL",82,71,1798,7.5,11.2,0.671,0.4,1,0.351,7.2,10.2,0.703,4.6,5.9,0.783,4.8,6.5,11.3,2.7,1,1.1,1.8,6.2,20.1,142,110,0.728472020875616,1.29090909090909,"SW"
"264","Norman Powell","SF",28,"TOT",45,41,1458,9.4,20.3,0.461,3.6,8.5,0.419,5.8,11.8,0.491,6.3,7.8,0.811,0.7,4.2,4.9,3.2,1.4,0.7,2.3,3.6,28.6,116,119,0.602561941682117,0.974789915966386,NA
"265","Joshua Primo","SF",19,"SAS",50,16,965,5,13.4,0.374,2.1,6.8,0.307,2.9,6.6,0.444,2.2,2.9,0.746,1.6,4,5.6,4,1,1.1,2.8,3.9,14.3,96,115,0.487189970019079,0.834782608695652,"SW"
"266","Taurean Prince","PF",27,"MIN",69,8,1177,7.2,15.8,0.454,3.5,9.3,0.376,3.7,6.5,0.565,2.5,3.3,0.756,1.1,6,7,2.7,1.9,0.9,2.1,4.7,20.3,112,112,0.588337584048226,1,"NW"
"267","Payton Pritchard","PG",24,"BOS",71,2,1001,7.9,18.5,0.429,5,12.2,0.412,2.9,6.4,0.461,1,1,1,1.6,5.1,6.7,6.9,1.2,0.3,2,3,21.9,120,110,0.578141499472017,1.09090909090909,"A"
"268","Immanuel Quickley","PG",22,"NYK",78,3,1802,7.9,20.1,0.392,3.8,11,0.346,4.1,9.1,0.448,4.9,5.6,0.881,0.9,6,6.9,7.6,1.5,0.1,2.7,4.6,24.5,114,112,0.542900195000886,1.01785714285714,"A"
"269","Julius Randle","PF",27,"NYK",72,72,2544,10.1,24.5,0.411,2.4,7.7,0.308,7.7,16.8,0.458,6,7.9,0.756,2.5,11.6,14.1,7.3,1,0.8,4.8,4,28.5,102,109,0.509365170145839,0.935779816513762,"A"
"270","Austin Reaves","SG",23,"LAL",61,19,1418,4.9,10.7,0.459,1.8,5.6,0.317,3.1,5.1,0.616,3.3,4,0.839,1.5,5,6.5,3.7,1,0.7,1.4,2.9,15,123,116,0.601926163723917,1.06034482758621,"P"
"271","Cam Reddish","SF",22,"TOT",49,7,1012,8,19.9,0.404,3.2,9,0.359,4.8,10.9,0.442,4.9,5.5,0.902,1.2,3.9,5.1,2.3,2.3,0.7,2.8,2.9,24.2,105,114,0.542114695340502,0.921052631578947,NA
"272","Davon Reed","SG",26,"DEN",48,5,668,5.9,11.8,0.503,2.7,6.3,0.43,3.2,5.5,0.587,0.7,1.1,0.667,1,6.9,7.9,3.9,1.8,0.7,1.2,4.6,15.3,123,112,0.6227613155324,1.09821428571429,"NW"
"273","Naz Reid","C",22,"MIN",77,6,1215,9.1,18.6,0.489,2.2,6.5,0.343,6.9,12.1,0.568,4.5,5.8,0.765,4,7.8,11.8,2.8,1.6,2.8,3.2,6.7,24.9,113,109,0.588596822995461,1.03669724770642,"NW"
"274","Nick Richards","C",24,"CHO",50,5,367,7.8,11.8,0.667,0,0,NA,7.8,11.8,0.667,3.9,5.6,0.698,4.4,6.8,11.2,1.7,1.2,2.7,3.1,6.7,19.6,122,113,0.687044307347168,1.07964601769911,"SE"
"275","Josh Richardson","SG",28,"TOT",65,7,1600,7.2,16.4,0.438,3.1,7.6,0.415,4.1,8.8,0.458,2.9,3.3,0.889,1.3,4.4,5.7,3.5,1.7,0.9,2,3.6,20.4,113,110,0.571364552991262,1.02727272727273,NA
"276","Austin Rivers","SG",29,"DEN",67,18,1480,4.8,11.6,0.417,2.6,7.7,0.342,2.2,3.9,0.563,1.1,1.5,0.727,0.6,3.1,3.8,3,1.7,0.2,1.8,4,13.4,104,115,0.546492659053834,0.904347826086956,"NW"
"277","Duncan Robinson","SG",27,"MIA",79,68,2043,7.1,17.8,0.399,5.7,15.3,0.372,1.4,2.5,0.569,1.2,1.5,0.836,0.6,4.4,5,3.2,1,0.3,1.5,4.9,21.1,113,112,0.571505958829903,1.00892857142857,"SE"
"278","Mitchell Robinson","C",23,"NYK",72,62,1848,7.1,9.3,0.761,0,0,NA,7.1,9.3,0.761,2.4,4.9,0.486,8,8.7,16.7,1,1.6,3.6,1.6,5.3,16.5,143,106,0.720146648044693,1.34905660377358,"A"
"279","Jeremiah Robinson-Earl","C",21,"OKC",49,36,1087,6,14.5,0.414,2.6,7.4,0.352,3.4,7.1,0.478,1.8,2.4,0.741,3.4,8.9,12.3,2.2,1.3,0.7,1.7,3.4,16.4,108,113,0.527127796348676,0.955752212389381,"NW"
"280","Isaiah Roby","PF",23,"OKC",45,28,948,8.5,16.6,0.514,2.3,5.1,0.444,6.3,11.5,0.545,4,6,0.672,3.9,7.3,11.1,3.6,1.8,1.7,2.2,5.6,23.3,120,111,0.605509355509355,1.08108108108108,"NW"
"281","Terrence Ross","SG",30,"ORL",63,0,1448,7.3,18.5,0.397,2.6,8.8,0.292,4.8,9.7,0.493,3.7,4.3,0.862,0.7,4.7,5.4,3.9,0.9,0.4,2.5,2.3,21,100,116,0.514907806983131,0.862068965517241,"SE"
"282","Terry Rozier","SG",27,"CHO",73,73,2458,10.1,22.8,0.444,4.3,11.6,0.374,5.8,11.2,0.516,2.9,3.4,0.852,1.1,5.1,6.1,6.4,1.8,0.5,1.9,2.3,27.5,117,115,0.565936779716826,1.01739130434783,"SE"
"283","D'Angelo Russell","PG",25,"MIN",65,65,2077,9.2,22.3,0.411,4,11.9,0.34,5.2,10.5,0.492,4.5,5.5,0.825,0.6,4.4,4.9,10.5,1.4,0.5,3.8,3,26.9,112,115,0.544093851132686,0.973913043478261,"NW"
"284","Domantas Sabonis","PF",25,"TOT",62,61,2136,10.1,17.6,0.573,0.9,2.9,0.312,9.2,14.8,0.623,5.6,7.6,0.741,4.6,12.6,17.2,7.4,1.3,0.6,4.5,4.6,26.7,121,113,0.637414056531703,1.07079646017699,NA
"285","Tomáš Satoranský","SG",30,"TOT",55,13,906,3.9,10.4,0.377,0.6,2.9,0.208,3.3,7.5,0.442,2.3,2.9,0.796,1.5,5.4,6.9,10,1.6,0.3,2.5,3.9,10.8,109,115,0.462487153134635,0.947826086956522,NA
"286","Dennis Schröder","SG",28,"TOT",64,29,1837,8.4,19.4,0.431,2.3,6.7,0.344,6.1,12.7,0.477,4.2,4.9,0.853,0.9,4.8,5.7,7.9,1.4,0.2,3.8,4.1,23.2,107,112,0.538133234366302,0.955357142857143,NA
"287","Alperen Şengün","C",19,"HOU",72,13,1489,8,16.8,0.474,0.9,3.7,0.248,7,13,0.539,5.3,7.4,0.711,4.4,8.2,12.6,5.9,1.9,2.2,4.6,6.8,22.1,107,113,0.550957319505385,0.946902654867257,"SW"
"288","Landry Shamet","SG",24,"PHO",69,14,1437,6.4,16.2,0.394,4.1,11.2,0.368,2.3,5.1,0.45,2.3,2.7,0.84,0.5,3.7,4.2,3.6,0.9,0.3,1.4,3.1,19.2,111,112,0.552104899930987,0.991071428571429,NA
"289","Pascal Siakam","PF",27,"TOR",68,68,2578,11.6,23.4,0.494,1.5,4.2,0.344,10.1,19.2,0.527,5.5,7.3,0.749,2.5,8.8,11.2,7,1.6,0.8,3.5,4.4,30.1,116,110,0.565534345408087,1.05454545454545,"A"
"290","Anfernee Simons","SG",22,"POR",57,30,1681,10.3,23.2,0.443,5.2,12.8,0.405,5.1,10.3,0.49,3,3.4,0.888,0.8,3.6,4.4,6.4,0.9,0.2,3.3,3.2,28.7,112,121,0.581065759637188,0.925619834710744,"NW"
"291","Marcus Smart","PG",27,"BOS",71,71,2296,6.5,15.5,0.418,2.6,7.8,0.331,3.9,7.7,0.506,3.1,3.9,0.793,0.9,4.9,5.8,9,2.6,0.4,3.4,3.5,18.6,110,107,0.540195167286245,1.02803738317757,"A"
"292","Ish Smith","PG",33,"TOT",65,1,1126,8,18.6,0.43,1.1,2.9,0.373,6.9,15.7,0.441,0.6,1,0.625,1.1,5,6.1,10.6,2,1,3.4,3.4,17.8,101,114,0.467436974789916,0.885964912280702,NA
"293","Jalen Smith","PF",21,"TOT",51,8,925,9.3,18.4,0.503,2.1,6.4,0.328,7.1,12,0.596,4.1,5.4,0.765,5.3,10.8,16.1,1.3,0.8,2.2,2.2,5,24.7,119,111,0.594435887562572,1.07207207207207,NA
"294","Tony Snell","SG",30,"TOT",53,12,823,4.1,10.2,0.404,2.7,7.6,0.352,1.4,2.6,0.558,0.2,0.2,1,1,5.2,6.1,1.7,1,0.5,1.1,4.2,11.1,106,119,0.539463452566097,0.890756302521008,NA
"295","Lance Stephenson","PG",31,"TOT",46,1,814,8.8,19.4,0.455,1.6,5.4,0.3,7.2,14,0.515,3.8,4.8,0.788,0.7,6.9,7.6,9.9,1.4,0.2,4.3,5.8,23.1,107,117,0.536909631833395,0.914529914529914,NA
"296","Lamar Stevens","PF",24,"CLE",63,13,1015,7.7,15.7,0.489,0.9,3.2,0.277,6.8,12.5,0.543,2.6,3.7,0.707,2.3,5.8,8.1,2.2,1.5,0.9,2,5.2,18.8,107,110,0.542474607571561,0.972727272727273,"C"
"297","Isaiah Stewart","C",20,"DET",71,71,1816,6.7,13.2,0.51,0.4,1.2,0.326,6.3,11.9,0.529,2,2.8,0.718,6.1,10.5,16.6,2.2,0.6,2.1,2.3,5.7,15.8,113,112,0.54739467849224,1.00892857142857,"C"
"298","Max Strus","SF",25,"MIA",68,16,1587,7.8,17.8,0.441,5.7,13.9,0.41,2.1,3.8,0.557,1.3,1.7,0.792,0.8,5.6,6.4,2.9,0.9,0.5,1.8,3.7,22.7,116,112,0.611925814103946,1.03571428571429,"SE"
"299","Jalen Suggs","PG",20,"ORL",48,45,1307,7.3,20.3,0.361,1.6,7.3,0.214,5.8,13,0.443,4.7,6,0.773,1,5.4,6.3,7.7,2.2,0.7,5.3,5.3,20.9,88,112,0.455536181342633,0.785714285714286,"SE"
"300","Jae'Sean Tate","PF",26,"HOU",78,77,2056,8.4,16.9,0.498,1.5,4.7,0.312,6.9,12.2,0.569,3,4.3,0.707,3.1,6.6,9.7,5.1,1.7,0.9,3.2,6.6,21.3,111,116,0.566730523627075,0.956896551724138,"SW"
"301","Jayson Tatum","SF",23,"BOS",76,76,2731,12.9,28.5,0.453,4.2,11.8,0.353,8.7,16.6,0.524,7.3,8.5,0.853,1.5,9.5,11.1,6.1,1.4,0.9,3.9,3.2,37.2,113,106,0.576923076923077,1.06603773584906,"A"
"302","Garrett Temple","SG",35,"NOP",59,16,1098,5,13.3,0.376,2.7,8.3,0.319,2.3,4.9,0.473,1.3,1.8,0.683,1.3,5.1,6.4,3.3,1.9,1,1.9,3.6,13.9,101,113,0.493187624183934,0.893805309734513,"SW"
"303","Daniel Theis","C",29,"TOT",47,27,977,7.5,14.4,0.519,1.6,5.3,0.308,5.8,9.1,0.641,2.4,3.6,0.681,2.9,8.4,11.3,2,1,1.5,2.3,5.5,19,113,112,0.594344344344344,1.00892857142857,NA
"304","Cam Thomas","SG",20,"BRK",67,2,1176,9,20.7,0.433,1.9,7.2,0.27,7,13.6,0.52,3.6,4.3,0.829,0.7,6,6.6,3.2,1.4,0.3,2.3,2.7,23.5,103,115,0.520095609065156,0.895652173913044,"A"
"305","Tristan Thompson","PF",30,"TOT",57,6,897,7.6,14.4,0.528,0.1,0.2,0.333,7.6,14.3,0.53,3.3,6.3,0.526,6.5,9.1,15.6,1.8,1.2,1.1,2.4,5.3,18.6,112,114,0.541579315164221,0.982456140350877,NA
"306","Matisse Thybulle","SG",24,"PHI",66,50,1685,4.4,8.9,0.5,1.3,4.3,0.313,3.1,4.6,0.673,1,1.3,0.791,1.2,3.2,4.5,2.2,3.4,2.1,1.2,4.7,11.2,116,108,0.591216216216216,1.07407407407407,"A"
"307","Xavier Tillman Sr.","PF",23,"MEM",53,2,701,6.7,14.7,0.454,0.7,3.3,0.204,6,11.4,0.527,3.1,4.8,0.648,4.5,6.5,11,4.2,3.3,1,2.3,4.3,17.2,112,107,0.511539376635736,1.04672897196262,"SW"
"308","Obi Toppin","PF",23,"NYK",72,10,1230,10.2,19.2,0.531,2.1,6.9,0.308,8.1,12.4,0.655,3.8,5,0.758,2.8,8.1,10.9,3.1,1,1.3,2.3,4.1,26.4,120,111,0.616822429906542,1.08108108108108,"A"
"309","Juan Toscano-Anderson","SF",28,"GSW",73,6,994,5.6,11.5,0.489,1.4,4.3,0.322,4.3,7.3,0.588,2,3.4,0.571,1.4,7.3,8.6,6.2,2.4,0.8,3.3,5.6,14.6,106,106,0.561711295783318,1,"P"
"310","Karl-Anthony Towns","C",26,"MIN",74,74,2476,12.3,23.3,0.529,2.9,7,0.41,9.5,16.3,0.58,7.4,9,0.822,3.7,10.2,14,5.2,1.4,1.6,4.3,5.1,34.9,121,110,0.64013206162876,1.1,"NW"
"311","Gary Trent Jr.","SG",23,"TOR",70,69,2448,9.2,22.2,0.414,4.3,11.1,0.383,4.9,11,0.445,3.6,4.2,0.853,0.5,3.4,3.9,2.9,2.5,0.4,1.5,2.9,26.2,114,112,0.544743845642049,1.01785714285714,"A"
"312","P.J. Tucker","PF",36,"MIA",71,70,1981,5.2,10.8,0.484,2,4.9,0.415,3.2,5.9,0.54,1.1,1.5,0.738,2.5,7.2,9.8,3.8,1.5,0.4,1.7,4.1,13.6,120,110,0.593368237347295,1.09090909090909,"SE"
"313","Myles Turner","C",25,"IND",42,42,1235,7.9,15.6,0.509,2.4,7.3,0.333,5.5,8.3,0.662,3.1,4.2,0.752,2.6,9.2,11.8,1.7,1.1,4.7,2.1,4.7,21.4,117,111,0.613250802384227,1.05405405405405,"C"
"314","Jonas Valančiūnas","C",29,"NOP",74,74,2240,11.2,20.7,0.544,1.3,3.5,0.361,10,17.2,0.581,5.2,6.4,0.82,5,13.6,18.6,4.2,0.9,1.3,3.9,5.4,29,118,111,0.616601462833815,1.06306306306306,"SW"
"315","Jarred Vanderbilt","PF",22,"MIN",74,67,1880,5.4,9.1,0.587,0.1,0.4,0.143,5.3,8.8,0.605,2.2,3.3,0.656,5.4,10.3,15.8,2.4,2.5,1.2,1.8,4.6,13,127,108,0.615996967399545,1.17592592592593,"NW"
"316","Fred VanVleet","PG",27,"TOR",65,65,2462,9,22.3,0.403,4.9,13,0.377,4.1,9.2,0.44,3.9,4.5,0.874,0.9,5,5.9,8.8,2.3,0.7,3.5,3.3,26.8,115,111,0.551894563426689,1.03603603603604,"A"
"317","Devin Vassell","SF",21,"SAS",71,32,1937,8.1,18.9,0.427,3.4,9.4,0.361,4.7,9.5,0.492,2.1,2.5,0.838,1.1,6.5,7.6,3.4,1.9,1,1.4,3.5,21.6,109,112,0.54,0.973214285714286,"SW"
"318","Gabe Vincent","PG",25,"MIA",68,27,1589,6.7,16.2,0.417,3.7,10.2,0.368,3,6,0.5,1.4,1.7,0.815,0.7,3.3,4,6.6,2,0.4,3.1,5,18.6,107,111,0.548737314137361,0.963963963963964,"SE"
"319","Nikola Vučević","C",31,"CHI",73,73,2418,11,23.3,0.473,2.1,6.7,0.314,8.9,16.6,0.537,1.9,2.4,0.76,2.9,13.4,16.2,4.8,1.4,1.4,2.7,3.7,26,107,110,0.533749384135326,0.972727272727273,"C"
"320","Dean Wade","PF",25,"CLE",51,28,980,5,11.1,0.456,2.6,7.2,0.359,2.4,3.8,0.64,1,1.5,0.667,1.6,6.1,7.6,2.6,1.5,0.4,0.8,4.5,13.7,122,111,0.582482993197279,1.0990990990991,"C"
"321","Franz Wagner","SF",20,"ORL",79,79,2429,9.1,19.4,0.468,1.9,5.4,0.354,7.2,14,0.511,3.8,4.4,0.863,1.7,5.4,7.1,4.6,1.4,0.7,2.4,3.3,23.8,110,114,0.557742782152231,0.964912280701754,"SE"
"322","Moritz Wagner","C",24,"ORL",63,3,960,9.9,20,0.497,3.3,10.1,0.328,6.6,9.8,0.672,5.2,6.5,0.806,2.1,9.6,11.7,4.4,1,0.7,2.8,6.2,28.4,118,112,0.621172353455818,1.05357142857143,"SE"
"323","Ish Wainright","PF",27,"PHO",45,0,359,5.5,13.9,0.394,2.5,7.9,0.322,2.9,6,0.489,0.9,1.6,0.583,3.6,3.6,7.2,2,2.7,0.8,1.7,6.6,14.5,104,107,0.496439331689948,0.97196261682243,NA
"324","Lonnie Walker IV","SG",23,"SAS",70,6,1612,9.3,22.7,0.407,3.3,10.5,0.314,6,12.2,0.487,3.5,4.4,0.784,0.5,4.9,5.4,4.5,1.3,0.6,2.1,2.9,25.3,103,115,0.513476213671051,0.895652173913044,"SW"
"325","Duane Washington Jr.","PG",21,"IND",48,7,968,8.8,21.6,0.405,4.1,10.9,0.377,4.7,10.7,0.434,2.3,3.1,0.754,0.2,4,4.2,4.3,1.3,0.2,2.9,3.3,23.9,101,119,0.520379724786622,0.848739495798319,"C"
"326","P.J. Washington","C",23,"CHO",65,28,1768,6.8,14.4,0.47,3,8.2,0.365,3.8,6.3,0.606,1.6,2.2,0.716,2.2,6.9,9.1,4,1.5,1.7,2.2,4.1,18.1,114,113,0.588885996876627,1.00884955752212,"SE"
"327","Trendon Watford","SF",21,"POR",48,10,869,8,15,0.532,0.5,2.1,0.237,7.5,12.9,0.581,4,5.3,0.755,3.2,8,11.2,4.6,1.4,1.6,2.5,6.5,20.5,118,116,0.591391645511193,1.01724137931034,"NW"
"328","Russell Westbrook","PG",33,"LAL",78,78,2678,9.8,22.1,0.444,1.4,4.7,0.298,8.4,17.3,0.485,4.8,7.1,0.667,2,8.4,10.4,9.8,1.3,0.4,5.3,4.2,25.8,102,114,0.511417697431018,0.894736842105263,"P"
"329","Coby White","PG",21,"CHI",61,17,1675,8.1,18.8,0.433,4,10.3,0.385,4.2,8.5,0.491,2.3,2.7,0.857,0.5,4.8,5.3,5.1,0.8,0.3,2,4,22.5,111,117,0.562837702621573,0.948717948717949,"C"
"330","Derrick White","SG",27,"TOT",75,52,2199,7.4,17.7,0.421,2.5,8.1,0.312,4.9,9.5,0.515,4.5,5.2,0.864,0.8,4.9,5.8,8.1,1.4,1.3,2.6,3.8,21.9,114,112,0.547828697218331,1.01785714285714,NA
"331","Derrick White","SG",27,"SAS",49,48,1486,7.8,18.4,0.426,2.6,8.3,0.314,5.2,10.1,0.519,4.5,5.2,0.869,0.8,4.8,5.6,8.8,1.6,1.4,2.8,3.7,22.8,114,113,0.551044083526682,1.00884955752212,"SW"
"332","Hassan Whiteside","C",32,"UTA",65,8,1162,9.1,14,0.652,0,0,NA,9.1,14,0.652,4.4,7.1,0.623,7.1,14,21,1.1,0.9,4.4,2.3,7.6,22.7,132,104,0.662812427003037,1.26923076923077,"NW"
"333","Aaron Wiggins","SG",23,"OKC",50,35,1209,6.3,13.6,0.463,1.7,5.6,0.304,4.6,8,0.573,2.5,3.4,0.729,2.1,5.1,7.2,2.7,1.2,0.4,2.2,3.7,16.8,107,116,0.556438791732909,0.922413793103448,"NW"
"334","Andrew Wiggins","SF",26,"GSW",73,73,2329,9.9,21.3,0.466,3.3,8.4,0.393,6.7,13,0.513,3.1,4.9,0.634,1.8,5,6.8,3.4,1.6,1.1,2.3,3.3,26.3,109,109,0.5606241473397,1,"P"
"335","Grant Williams","PF",23,"BOS",77,21,1875,5.4,11.4,0.475,2.8,6.8,0.411,2.6,4.6,0.569,2.3,2.5,0.905,1.7,5.6,7.3,2.1,1,1.5,1.6,4.9,16,122,109,0.64,1.11926605504587,"A"
"336","Kenrich Williams","SF",27,"OKC",49,0,1072,6.6,14.4,0.461,1.9,5.5,0.339,4.8,8.9,0.536,1.4,2.5,0.545,3.4,6.6,10,4.9,2,0.5,2.1,3.7,16.5,111,113,0.532258064516129,0.982300884955752,"NW"
"337","Lou Williams","PG",35,"ATL",56,0,799,7.7,19.7,0.391,2.3,6.3,0.363,5.4,13.4,0.404,4.1,4.8,0.859,1,4.4,5.4,6.5,1.7,0.2,2.6,3,21.8,105,117,0.499724922061251,0.897435897435897,"SE"
"338","Robert Williams","C",24,"BOS",61,61,1804,7.5,10.1,0.736,0,0,0,7.5,10.1,0.738,1.8,2.5,0.722,6.6,9.6,16.2,3.3,1.5,3.7,1.7,3.8,16.7,148,102,0.745535714285714,1.45098039215686,"A"
"339","Ziaire Williams","SF",20,"MEM",62,31,1346,6.8,15.1,0.45,2.7,8.6,0.314,4.1,6.5,0.632,1.5,2,0.782,0.9,3.7,4.6,2.3,1.2,0.4,1.5,4,17.8,113,114,0.556946182728411,0.991228070175439,"SW"
"340","Dylan Windler","SF",25,"CLE",50,0,459,4,10.7,0.378,2.3,7.6,0.3,1.7,3,0.571,1.6,2,0.833,2.3,7.4,9.7,3.7,1.5,0.3,1.7,5.1,12,110,110,0.518134715025907,1,"C"
"341","Justise Winslow","PF",25,"TOT",48,11,774,7,16.2,0.428,0.9,4.2,0.227,6,12.1,0.497,2.5,4.2,0.591,3.2,9.6,12.8,5.3,2.2,1.6,3.1,4.2,17.3,100,109,0.479277482269504,0.91743119266055,NA
"342","Christian Wood","C",26,"HOU",68,67,2094,10,20,0.501,3,7.6,0.39,7,12.3,0.57,4.7,7.5,0.623,2.5,13.1,15.6,3.5,1.2,1.5,2.9,3.9,27.7,114,113,0.594420600858369,1.00884955752212,"SW"
"343","Delon Wright","SG",29,"ATL",77,8,1452,4.1,9.1,0.454,1.5,3.9,0.379,2.6,5.2,0.51,1.8,2.1,0.857,1.7,5.8,7.4,6.4,3.1,0.6,1.5,1.9,11.6,126,112,0.578611332801277,1.125,"SE"
"344","Thaddeus Young","PF",33,"TOT",52,1,845,8.2,15.8,0.518,1,2.8,0.354,7.2,13,0.554,1.3,2.8,0.469,4.6,7.4,12.1,6,3.1,1,3,4.7,18.7,113,108,0.548966651009864,1.0462962962963,NA
"345","Trae Young","PG",23,"ATL",76,76,2652,13.2,28.6,0.46,4.3,11.3,0.382,8.9,17.3,0.512,9.3,10.2,0.904,0.9,4.3,5.3,13.7,1.3,0.1,5.6,2.4,39.9,119,118,0.602937620889749,1.00847457627119,"SE"
"346","Omer Yurtseven","C",23,"MIA",56,12,706,9.2,17.5,0.526,0.1,0.8,0.091,9.1,16.7,0.547,2.7,4.3,0.623,6,14.8,20.8,3.5,1.2,1.4,2.9,6,21.2,112,104,0.546617161716172,1.07692307692308,"SE"
"347","Ivica Zubac","C",24,"LAC",76,76,1852,8.2,13.1,0.626,0,0,NA,8.2,13.1,0.626,4.4,6,0.727,5.7,11.3,17,3.2,1,2,3,5.4,20.8,126,107,0.660736975857687,1.17757009345794,"P"
